date,ret.total.count,ret.total.benefit,ret.men.count,ret.men.benefit,ret.women.count,ret.women.benefit,spouse.total.count,spouse.total.benefit,spouse.men.count,spouse.men.benefit,spouse.women.count,spouse.women.benefit
1967-01-01,11713055,84.55,7062629,93.49000000000001,4650426,70.98,2641331,43.9,11407,42.08,2629924,43.91
1967-02-01,11730905,84.66999999999999,7071093,93.63,4659812,71.08,2639607,43.94,10137,42.45,2629470,43.95
1967-03-01,11651066,84.7,7008957,93.69,4642109,71.13,2606117,43.94,9922,42.56,2596195,43.94
1967-04-01,11705026,84.8,7043619,93.82,4661407,71.16,2625954,43.99,9940,42.54,2616014,44
1967-05-01,11659549,84.88,7010336,93.92,4649213,71.26,2605526,44.03,9780,42.62,2595746,44.04
1967-06-01,11745225,84.97,7048693,94.03,4696532,71.36,2618545,44.1,9829,42.64,2608716,44.1
1967-07-01,11819998,85.06,7081819,94.11999999999999,4738179,71.53,2632835,44.14,9844,42.65,2622991,44.14
1967-08-01,11863800,85.11,7096011,94.14999999999999,4767789,71.64999999999999,2636429,44.14,9836,42.68,2626593,44.15
1967-09-01,11886549,85.2,7099118,94.27,4787431,71.75,2633994,44.19,9807,42.74,2624187,44.19
1967-10-01,11929226,85.25,7120098,94.35,4809128,71.79,2637595,44.21,9748,42.78,2627847,44.21
1967-11-01,11972344,85.31,7138104,94.43,4834240,71.85,2642128,44.22,9698,42.8,2632430,44.23
1967-12-01,12019371,85.36999999999999,7160800,94.49000000000001,4858571,71.92,2645158,44.24,9655,42.82,2635503,44.24
1968-01-01,11614392,84.66,6881996,93.77,4732396,71.42,2550990,43.83,9196,42.73,2541794,43.83
1968-02-01,12179295,98.25,7259892,108.31,4919403,83.41000000000001,2664271,51.01,9624,48.98,2654647,51.02
1968-03-01,12085503,98.2,7192454,108.27,4893049,83.39,2634725,51.01,9409,49.04,2625316,51.01
1968-04-01,12095524,98.22,7189793,108.33,4905731,83.41000000000001,2634066,51.01,9299,49.07,2624767,51.01
1968-05-01,12133912,98.26,7202081,108.38,4931831,83.48,2634421,51.01,9334,49.07,2625087,51.02
1968-06-01,12188476,98.33,7224321,108.45,4964155,83.59,2635481,51.03,9319,49.06,2626162,51.04
1968-07-01,12234228,98.41000000000001,7239633,108.53,4994595,83.75,2638002,51.05,9349,49.15,2628653,51.06
1968-08-01,12154067,98.57,7183273,108.66999999999999,4970794,83.99000000000001,2616150,51.04,9200,49.36,2606950,51.04
1968-09-01,12335002,98.6,7276499,108.73,5058503,84.02,2643387,51.1,9326,49.33,2634061,51.11
1968-10-01,12237501,98.59,7207110,108.82,5030391,83.93,2618134,51.12,9083,49.27,2609051,51.12
1968-11-01,12324936,98.75,7256732,108.96000000000001,5068204,84.14,2634091,51.16,9173,49.3,2624918,51.17
1968-12-01,12421371,98.86,7309987,109.08,5111384,84.24000000000001,2645521,51.21,9172,49.33,2636349,51.22
1969-01-01,12466366,98.94000000000001,7325697,109.19,5140669,84.33,2646567,51.23,9149,49.33,2637418,51.23
1969-02-01,12490995,99.28,7343060,109.59,5147935,84.58,2640072,51.37,9047,49.44,2631025,51.37
1969-03-01,12498674,99.36,7347483,109.69,5151191,84.61999999999999,2639262,51.39,8944,49.47,2630318,51.39
1969-04-01,12506233,99.42,7346316,109.77,5159917,84.69,2634806,51.42,8894,49.58,2625912,51.42
1969-05-01,12530309,99.47,7349954,109.84,5180355,84.77,2631328,51.44,8843,49.58,2622485,51.44
1969-06-01,12581528,99.69,7370732,110.1,5210796,84.97,2633531,51.57,8841,49.71,2624690,51.57
1969-07-01,12642265,99.84,7392579,110.26,5249686,85.16,2637359,51.65,8871,49.76,2628488,51.65
1969-08-01,12716140,99.98,7421624,110.38,5294516,85.4,2644918,51.68,8912,49.89,2636006,51.68
1969-09-01,12768087,100.05,7446882,110.48,5321205,85.46000000000001,2650955,51.7,8897,49.88,2642058,51.71
1969-10-01,12761636,100.09,7438279,110.55,5323357,85.48,2647014,51.71,8825,49.8,2638189,51.72
1969-11-01,12785459,100.28,7445208,110.8,5340251,85.61999999999999,2645378,51.83,8789,49.93,2636589,51.83
1969-12-01,12823677,100.4,7459009,110.95,5364668,85.72,2644416,51.88,8738,49.94,2635678,51.89
1970-01-01,12856241,100.49000000000001,7470485,111.08,5385756,85.81,2645236,51.91,8703,50.01,2636533,51.92
1970-02-01,12941180,100.76,7528289,111.35,5412891,86.03,2654594,51.99,8655,50.06,2645939,52
1970-03-01,13031508,116.93,7578459,129.09,5453049,100.03,2664682,60.76,8633,57.86,2656049,60.77
1970-04-01,12956633,116.98,7536144,129.1,5420489,100.13,2642878,60.81,8497,57.95,2634381,60.82
1970-05-01,12990097,116.99000000000001,7534991,129.18,5455106,100.14999999999999,2642092,60.79,8460,57.99,2633632,60.8
1970-06-01,13066466,117.1,7570116,129.32000000000002,5496350,100.27,2650508,60.83,8481,58.02,2642027,60.84
1970-07-01,13115234,117.22,7584933,129.43,5530301,100.46000000000001,2651435,60.85,8496,58.15,2642939,60.86
1970-08-01,13207672,117.4,7626442,129.59,5581230,100.74000000000001,2661602,60.88,8542,58.25,2653060,60.89
1970-09-01,13254332,117.51,7649138,129.73999999999998,5605194,100.84,2665166,60.91,8510,58.29,2656656,60.92
1970-10-01,13277245,117.79,7658253,130.1,5618992,101,2664726,61.06,8445,58.39,2656281,61.07
1970-11-01,13309574,117.88,7670381,130.23999999999998,5639193,101.07,2666238,61.08,8405,58.44,2657833,61.09
1970-12-01,13352145,118.1,7690135,130.53,5662010,101.22,2668716,61.19,8351,58.51,2660365,61.2
1971-01-01,13377744,118.22,7699104,130.69,5678640,101.32,2668214,61.22,8304,58.5,2659910,61.23
1971-02-01,13490413,118.54,7768955,131.04,5721458,101.56,2677298,61.3,8277,58.61,2669021,61.31
1971-03-01,13450961,118.63,7742482,131.18,5708479,101.61,2664583,61.34,8183,58.6,2656400,61.35
1971-04-01,13542114,131.1,7785168,144.86,5756946,112.49000000000001,2671807,68.04,8174,64.66,2663633,68.05
1971-05-01,13537865,131.09,7779350,144.86,5758515,112.48,2667613,68.02,8157,64.75,2659456,68.03
1971-06-01,13603779,131.23999999999998,7814077,144.99,5789702,112.66999999999999,2673242,68.07,8158,64.83,2665084,68.08
1971-07-01,13686905,131.36,7845268,145.12,5841637,112.86999999999999,2679906,68.09,8191,64.91,2671715,68.1
1971-08-01,13782417,131.5,7890182,145.26,5892235,113.07,2690147,68.1,8155,64.97,2681992,68.11
1971-09-01,13846861,131.88000000000002,7919908,145.70999999999998,5926953,113.39,2693701,68.27,8169,65.19,2685532,68.28
1971-10-01,13870177,131.92000000000002,7933183,145.76999999999998,5936994,113.4,2698316,68.28,8190,65.11,2690126,68.29
1971-11-01,13890335,132.07,7936199,145.99,5954136,113.51,2697206,68.33,8149,65.19,2689057,68.34
1971-12-01,13925444,132.16,7950322,146.12,5975122,113.6,2697350,68.35,8132,65.24,2689218,68.36
1972-01-01,13988725,132.57,7985759,146.60999999999999,6002966,113.91000000000001,2699940,68.52,8090,65.4,2691850,68.53
1972-02-01,14037678,132.76,8009366,146.83,6028312,114.08,2698693,68.55,8045,65.38,2690648,68.56
1972-03-01,13998574,132.78,7982317,146.87,6016257,114.09,2687371,68.55,7933,65.4,2679438,68.56
1972-04-01,14060130,132.94,8010617,147.06,6049513,114.24000000000001,2693239,68.59,7938,65.62,2685301,68.6
1972-05-01,14099009,133.01,8023087,147.15,6075922,114.34,2695199,68.6,7952,65.68,2687247,68.61
1972-06-01,14181190,133.15,8060543,147.3,6120647,114.52,2706200,68.62,7986,65.81,2698214,68.62
1972-07-01,14265136,133.34,8099514,147.47,6165622,114.79,2716266,68.65,8032,66,2708234,68.66
1972-08-01,14392459,161.47,8158609,178.32000000000002,6233850,139.42000000000002,2727021,83.76,8043,79.65,2718978,83.77
1972-09-01,14394501,161.45000000000002,8164514,178.32000000000002,6229987,139.34,2733686,83.72,8077,79.62,2725609,83.73
1972-10-01,14416601,161.54,8166389,178.46,6250212,139.43,2728868,83.75,8021,79.67,2720847,83.76
1972-11-01,14454618,162,8185032,179,6269586,139.8,2728690,83.95,8042,79.82,2720648,83.96
1972-12-01,14555475,162.35000000000002,8230847,179.44,6324628,140.10999999999999,2734699,84.09,7967,79.97,2726732,84.11
1973-01-01,14602340,163.88000000000002,8262723,179.73999999999998,6339617,143.20999999999998,2742442,84.16,7999,80,2734443,84.18
1973-02-01,14700234,164.17,8320942,180.08,6379292,143.41,2749509,84.22,7946,80,2741563,84.23
1973-03-01,14684443,164.3,8309397,180.23,6375046,143.54,2741686,84.25,7902,80.05,2733784,84.26
1973-04-01,14740130,164.56,8329829,180.47,6410301,143.87,2745175,84.32,7849,80.22,2737326,84.33
1973-05-01,14761261,164.69,8331767,180.6,6429494,144.07,2738684,84.31,7843,80.19,2730841,84.32
1973-06-01,14879677,164.8,8385669,180.72,6494008,144.23999999999998,2756381,84.34,7907,80.27,2748474,84.35
1973-07-01,14948334,164.81,8424362,180.73,6523972,144.25,2760860,84.34,7964,80.52,2752896,84.36
1973-08-01,15043093,165.3,8458388,181.2,6584705,144.87,2770528,84.45,7954,80.44,2762574,84.46
1973-09-01,15106731,165.41,8486432,181.34,6620299,144.99,2777332,84.44,7917,80.46,2769415,84.45
1973-10-01,15142611,165.53,8497086,181.49,6645525,145.13,2779343,84.44,7889,80.49,2771454,84.45
1973-11-01,15307941,166.07,8584935,182.10999999999999,6723006,145.59,2803850,84.63,7921,80.62,2795929,84.64
1973-12-01,15364044,166.42000000000002,8608469,182.55,6755575,145.87,2808395,84.78,7902,80.81,2800493,84.79
1974-01-01,15457848,166.82000000000002,8665425,183.04,6792423,146.14,2811733,84.92,7861,80.85,2803872,84.93
1974-02-01,15490472,166.98000000000002,8678091,183.22,6812381,146.28,2811651,84.95,7834,80.93,2803817,84.96
1974-03-01,15513350,179.28,8687705,196.66,6825645,157.17,2812132,91.45,7791,86.75,2804341,91.47
1974-04-01,15529411,179.35000000000002,8688046,196.76999999999998,6841365,157.20999999999998,2810923,91.45,7749,86.81,2803174,91.46
1974-05-01,15493518,179.39000000000001,8660647,196.83,6832871,157.26999999999998,2799471,91.42,7708,86.63,2791763,91.43
1974-06-01,15588935,186.47,8700824,204.56,6888111,163.62,2806469,95.16,7693,90.06,2798776,95.17
1974-07-01,15659819,186.70999999999998,8728857,204.78,6930962,163.95000000000002,2809044,95.22,7656,90.3,2801388,95.24
1974-08-01,15726168,186.9,8761758,204.97,6964410,164.16,2813498,95.28,7650,90.27,2805848,95.29
1974-09-01,15787405,187.10999999999999,8751745,205.25,7035660,164.54,2819105,95.33,7636,90.43,2811469,95.35
1974-10-01,15846191,187.29,8780170,205.46,7066021,164.72,2823520,95.38,7607,90.51,2815913,95.39
1974-11-01,15908364,187.84,8808669,206.1,7099695,165.19,2825784,95.58,7581,90.76,2818203,95.59
1974-12-01,15958492,188.20999999999998,8832455,206.56,7126037,165.48000000000002,2826022,95.76,7521,90.95,2818501,95.77
1975-01-01,16040839,188.62,8883815,207.06,7157024,165.73,2826016,95.88,7473,91.03,2818543,95.89
1975-02-01,16070281,188.79,8900057,207.29,7170224,165.83,2828611,95.9,7429,90.98,2821182,95.91
1975-03-01,16080406,188.98000000000002,8906066,207.57,7174340,165.89000000000001,2826855,95.98,7372,91.09,2819483,95.99
1975-04-01,16113058,189.10999999999999,8918573,207.76,7194485,165.98000000000002,2827917,96.01,7369,91.09,2820548,96.02
1975-05-01,16166618,189.20999999999998,8941783,207.91,7224835,166.08,2833310,96.01,7374,91.05,2825936,96.02
1975-06-01,16210295,205.16,8980535,225.3,7229760,180.14,2836004,104.43,7356,98.54,2828648,104.44
1975-07-01,16293864,205.47,9032196,225.62,7261668,180.4,2844405,104.52,7344,98.64,2837061,104.54
1975-08-01,16344560,205.59,9035945,225.8,7308615,180.6,2849566,104.54,7347,98.64,2842219,104.56
1975-09-01,16387835,205.79,9054735,226.07,7333100,180.75,2852542,104.6,7324,98.68,2845218,104.62
1975-10-01,16461422,206.3,9089429,226.72,7371993,181.13,2859675,104.83,7331,98.73,2852344,104.85
1975-11-01,16518339,206.58,9130160,227.02,7388179,181.31,2862578,104.91,7289,98.75,2855289,104.92
1975-12-01,16588174,207.18,9163776,227.75,7424398,181.8,2867421,105.19,7263,99.07,2860158,105.21
1976-01-01,16682885,207.7,9221444,228.39000000000001,7461441,182.12,2872604,105.36,7229,99.17,2865375,105.37
1976-02-01,16711176,207.85000000000002,9233187,228.60999999999999,7477989,182.23,2872591,105.41,7183,99,2865408,105.43
1976-03-01,16710708,207.94,9229419,228.79,7481289,182.22,2869734,105.45,7138,99,2862596,105.46
1976-04-01,16693365,208.01,9210533,228.94,7482832,182.25,2861655,105.46,7079,98.98,2854576,105.48
1976-05-01,16715846,208.16,9213364,229.15,7502482,182.39000000000001,2858940,105.5,7060,98.96,2851880,105.52
1976-06-01,16788920,222.37,9247557,244.70999999999998,7541363,194.97,2866753,112.99,7069,105.37,2859684,113.01
1976-07-01,16869015,222.70999999999998,9283826,245.07,7585189,195.33,2873067,113.15,7045,105.71,2866022,113.16
1976-08-01,16911750,222.98000000000002,9300014,245.39000000000001,7611736,195.6,2872721,113.29,7032,105.76,2865689,113.31
1976-09-01,16981768,223.28,9335824,245.76,7645944,195.84,2881005,113.4,7041,105.99,2873964,113.42
1976-10-01,17050349,223.97,9368431,246.60999999999999,7681918,196.37,2887624,113.75,7027,106.34,2880597,113.77
1976-11-01,17116610,224.39000000000001,9399769,247.09,7716841,196.73,2892942,113.89,7000,106.5,2885942,113.91
1976-12-01,17165415,224.86,9420659,247.7,7744756,197.08,2896290,114.13,6996,106.68,2889294,114.15
1977-01-01,17252778,225.39000000000001,9472561,248.37,7780217,197.41,2900757,114.3,6944,106.75,2893813,114.32
1977-02-01,17285615,225.60999999999999,9487748,248.67,7797867,197.55,2900510,114.38,6905,106.79,2893605,114.4
1977-03-01,17264832,225.63,9473999,248.79,7790833,197.46,2893023,114.38,6828,106.62,2886195,114.4
1977-04-01,17280515,225.73999999999998,9476573,248.99,7803942,197.51,2888938,114.42,6778,106.55,2882160,114.43
1977-05-01,17304762,225.92000000000002,9476409,249.25,7828353,197.67,2886625,114.46,7808,105.28,2878817,114.48
1977-06-01,17380343,240.17,9512133,264.92999999999995,7868210,210.23999999999998,2899357,121.93,11541,108.32,2887816,121.98
1977-07-01,17476036,240.56,9556000,265.38,7920036,210.60999999999999,2916207,122.04,17399,105.6,2898808,122.14
1977-08-01,17555887,240.89000000000001,9593794,265.77,7962093,210.9,2929637,122.12,22803,103.64,2906834,122.27
1977-09-01,17630466,241.23999999999998,9630620,266.21999999999997,7999846,211.17,2940649,122.25,26409,102.58,2914240,122.43
1977-10-01,17708627,242.04,9667586,267.2,8041041,211.78,2950718,122.66,29034,101.99,2921684,122.87
1977-11-01,17770979,242.43,9696331,267.68,8074648,212.1,2958972,122.8,31251,101.39,2927721,123.03
1977-12-01,17832484,242.98000000000002,9723815,268.38,8108669,212.53,2964287,123.07,33006,101.05,2931281,123.31
1978-01-01,17911276,243.44,9769148,268.98999999999995,8142128,212.79,2969638,123.18,34656,100.6,2934982,123.45
1978-02-01,17928926,243.83,9773670,269.54,8155256,213.02,2965932,123.34,36078,100.13,2929854,123.62
1978-03-01,17908025,243.94,9756590,269.78999999999996,8151435,213.01,2955688,123.35,36751,99.83,2918937,123.64
1978-04-01,17902417,244.01,9745762,269.96,8156655,213.01,2950811,123.36,37091,99.56,2913720,123.67
1978-05-01,17920626,244.10999999999999,9743450,270.13,8177176,213.12,2948648,123.37,37333,99.42,2911315,123.67
1978-06-01,17923921,260.21,9732077,287.92999999999995,8191844,227.28,2941859,131.46,37488,105.91,2904371,131.79
1978-07-01,18026918,260.61,9779723,288.44,8247195,227.60999999999999,2954321,131.63,37786,105.91,2916535,131.97
1978-08-01,18117760,261.08,9823329,289.02,8294431,227.99,2963628,131.83,37937,105.93,2925691,132.17
1978-09-01,18190597,261.51,9856092,289.55,8334505,228.35000000000002,2970224,132.01,38022,105.94,2932202,132.35
1978-10-01,18254342,261.96,9884921,290.09,8369421,228.73999999999998,2975131,132.2,38037,105.92,2937094,132.54
1978-11-01,18307880,262.52,9908643,290.78,8399237,229.17,2978908,132.47,38186,105.94,2940722,132.81
1978-12-01,18357985,263.19,9928463,291.61,8429522,229.72,2979959,132.77,38291,105.97,2941668,133.12
1979-01-01,18441159,263.91999999999996,9978788,292.52,8462371,230.2,2984992,133.01,38338,105.98,2946654,133.36
1979-02-01,18475194,264.37,9993509,293.04,8481685,230.6,2979127,133.33,38389,106,2940738,133.69
1979-03-01,18524058,264.84000000000003,10009748,293.59,8514310,231.04,2973224,133.68,38465,106.06,2934759,134.04
1979-04-01,18508006,264.95,9996694,293.84000000000003,8511312,231.02,2963109,133.76,38473,105.87,2924636,134.12
1979-05-01,18541993,265.16,10006257,294.15000000000003,8535736,231.18,2963142,133.83,38589,105.77,2924553,134.2
1979-06-01,18589970,291.77,10024217,323.71,8565753,254.4,2965798,147.26,38681,116.15,2927117,147.68
1979-07-01,18652300,292.17,10049255,324.2,8603045,254.76,2970537,147.47,38811,116.17,2931726,147.88
1979-08-01,18717474,292.55,10078277,324.68,8639197,255.05,2975915,147.64,38906,116.13,2937009,148.06
1979-09-01,18786958,292.96,10110746,325.18,8676212,255.41,2981846,147.84,38997,116.13,2942849,148.26
1979-10-01,18856084,293.39,10142888,325.71,8713196,255.78,2986645,148.03,39078,116.1,2947567,148.45
1979-11-01,18917639,293.85,10170462,326.25,8747177,256.19,2990130,148.2,39120,116.1,2951010,148.63
1979-12-01,18970172,294.27,10192475,326.75,8777697,256.54,2991340,148.36,39176,116.01,2952164,148.79
1980-01-01,19060349,294.86,10245617,327.55,8814732,256.88,2994867,148.57,39186,116.01,2955681,149
1980-02-01,19088921,295.26,10258317,328.07,8830604,257.14000000000004,2992853,148.74,39152,115.96,2953701,149.18
1980-03-01,19063824,295.33,10241128,328.31,8822696,257.04,2984124,148.77,39091,115.77,2945033,149.21
1980-04-01,19081889,295.51,10244787,328.62,8837102,257.13,2982936,148.86,39064,115.6,2943872,149.3
1980-05-01,19107624,295.7,10250222,328.91999999999996,8857402,257.27,2980664,148.94,39099,115.53,2941565,149.38
1980-06-01,19167631,338.42999999999995,10278490,376.51,8889141,294.40999999999997,2986812,170.46,39095,132.09,2947717,170.97
1980-07-01,19221311,338.69,10299152,376.87,8922159,294.63,2991632,170.66,39163,132.11,2952469,171.17
1980-08-01,19307669,339.3,10341866,377.61,8965803,295.11,2998282,170.93,39157,132.04,2959125,171.44
1980-09-01,19388504,339.78,10381984,378.19,9006520,295.51,3006209,171.17,39135,131.99,2967074,171.69
1980-10-01,19463918,340.26,10417342,378.77,9046576,295.91999999999996,3012972,171.41,39174,132.04,2973798,171.93
1980-11-01,19524341,340.83,10444818,379.46999999999997,9079523,296.39,3016118,171.68,39212,132.05,2976906,172.2
1980-12-01,19582625,341.40999999999997,10470788,380.18,9111837,296.86,3018008,171.95,39221,132.07,2978787,172.48
1981-01-01,19677075,342.28999999999996,10526252,381.36,9150823,297.36,3019915,172.38,39174,131.94,2980741,172.91
1981-02-01,19678949,342.89,10521158,382.15000000000003,9157791,297.78999999999996,3013678,172.8,38999,131.89,2974679,173.33
1981-03-01,19706332,343.46999999999997,10535053,382.96999999999997,9171279,298.09,3010676,173.15,38833,131.77,2971843,173.69
1981-04-01,19736339,343.69,10549763,383.35,9186576,298.14000000000004,3011156,173.28,38746,131.63,2972410,173.83
1981-05-01,19761598,343.92999999999995,10558379,383.71999999999997,9203219,298.27,3010488,173.43,38737,131.53,2971751,173.97
1981-06-01,19791930,382.83,10571821,427.21999999999997,9220109,331.91999999999996,3009786,193.12,38679,146.12,2971107,193.73
1981-07-01,19854817,383.3,10600709,427.83,9254108,332.28999999999996,3012352,193.41,38635,145.97,2973717,194.03
1981-08-01,19928001,383.81,10635308,428.48999999999995,9292693,332.68,3017517,193.71,38606,145.98,2978911,194.33
1981-09-01,19976257,384.46,10659600,429.21,9316657,333.26,3016815,193.98,38626,145.99,2978189,194.6
1981-10-01,20039216,385.04,10691523,429.88,9347693,333.75,3018087,194.28,38651,145.93,2979436,194.91
1981-11-01,20119289,385.51,10728590,430.47999999999996,9390699,334.13,3024276,194.52,38597,145.92,2985679,195.15
1981-12-01,20195362,385.96999999999997,10766981,431.06,9428381,334.48999999999995,3030815,194.75,38559,145.93,2992256,195.38
1982-01-01,20293570,386.62,10823303,431.86,9470267,334.90999999999997,3032189,195.02,38406,145.97,2993783,195.65
1982-02-01,20332241,386.81,10838352,432.21999999999997,9493889,334.96,3031236,195.21,38325,145.87,2992911,195.84
1982-03-01,20371193,387.08,10854361,432.63,9516832,335.13,3029706,195.41,38243,145.8,2991463,196.05
1982-04-01,20368891,387.17,10849727,432.88,9519164,335.08,3023555,195.53,38130,145.71,2985425,196.16
1982-05-01,20377752,387.22999999999996,10851731,433.08,9526021,335.01,3019708,195.87,38029,145.68,2981679,196.51
1982-06-01,20392236,415.94,10853456,465.3,9538780,359.78,3018726,210.49,37919,156.27,2980807,211.18
1982-07-01,20440782,416.24,10879567,465.66,9561215,360.01,3023713,210.6,37905,156.16,2985808,211.29
1982-08-01,20496876,416.6,10903176,466.17,9593700,360.26,3024259,210.91,37887,156.03,2986372,211.61
1982-09-01,20576674,417.17,10942843,466.89,9633831,360.7,3030844,211.28,37921,156.06,2992923,211.98
1982-10-01,20648497,418.32,10977509,468.28,9670988,361.6,3035160,211.99,37922,156.34,2997238,212.69
1982-11-01,20712512,419.25,11006824,469.40999999999997,9705688,362.37,3038600,212.6,37925,156.46,3000675,213.31
1982-12-01,20763742,419.25,11030037,469.59,9733705,362.21999999999997,3039359,212.49,37903,155.97,3001456,213.2
1983-01-01,20888042,420.31,11110705,471.02,9777337,362.69,3050073,213.26,37882,156.02,3012191,213.98
1983-02-01,20940180,420.97999999999996,11142529,471.92999999999995,9797651,363.04,3052265,213.75,37789,155.98,3014476,214.47
1983-03-01,20958510,421.33,11150437,472.45,9808073,363.21999999999997,3049663,214.07,37678,155.92,3011985,214.79
1983-04-01,20982196,421.64000000000004,11161485,472.96,9820711,363.31,3047858,214.34,37543,155.8,3010315,215.07
1983-05-01,21001347,421.87,11167401,473.3,9833946,363.46999999999997,3046315,214.63,37459,155.64,3008856,215.37
1983-06-01,21060236,422.31,11194052,473.88,9866184,363.78999999999996,3050576,214.96,37505,155.56,3013071,215.7
1983-07-01,21129940,422.8,11227650,474.5,9902290,364.18,3055195,215.27,37478,155.44,3017717,216.01
1983-08-01,21190787,423.24,11256183,474.98999999999995,9934604,364.61,3058820,215.56,37430,155.41,3021390,216.3
1983-09-01,21255713,423.6,11287371,475.4,9968342,364.96,3029659,216.31,37416,155.29,2992243,217.08
1983-10-01,21320045,424.6,11316756,476.64000000000004,10003289,365.72999999999996,3033793,217.09,37419,155.42,2996374,217.86
1983-11-01,21377166,425.6,11341850,477.89,10035316,366.48999999999995,3037941,217.86,37413,155.43,3000528,218.64
1983-12-01,21418860,440.77,11358411,494.96999999999997,10060449,379.56,3039186,225.66,37357,160.79,3001829,226.47
1984-01-01,21498728,441.27,11405047,495.61,10093681,379.87,3040475,225.9,37277,160.68,3003198,226.71
1984-02-01,21531926,441.54,11420422,495.97999999999996,10111504,380.06,3040355,226.09,37185,160.66,3003170,226.9
1984-03-01,21543579,442,11421906,496.55,10121673,380.44,3036803,226.29,37050,160.53,2999753,227.1
1984-04-01,21551294,442.04,11423474,496.66,10127820,380.42999999999995,3035797,226.35,36983,160.34,2998814,227.17
1984-05-01,21560608,442.13,11423352,496.8,10137256,380.52,3033287,226.45,36894,160.22,2996393,227.27
1984-06-01,21588338,442.34000000000003,11431498,497.05,10156840,380.77,3032635,226.63,36800,160.03,2995835,227.45
1984-07-01,21643669,442.66,11457134,497.39,10186535,381.1,3035110,226.84,36713,159.99,2998397,227.66
1984-08-01,21707526,442.81,11487148,497.6,10220378,381.24,3040958,226.95,36698,159.87,3004260,227.77
1984-09-01,21762321,443.14000000000004,11512037,497.98999999999995,10250284,381.53,3044560,227.16,36685,159.81,3007875,227.98
1984-10-01,21804057,443.31,11528796,498.21999999999997,10275261,381.69,3046860,227.3,36612,159.61,3010248,228.12
1984-11-01,21843952,444.74,11541516,499.92999999999995,10302436,382.92999999999995,3047158,228.25,36564,159.89,3010594,229.08
1984-12-01,21906651,460.57,11573021,517.75,10333630,396.53,3050836,236.38,36529,165.44,3014307,237.24
1985-01-01,22001641,461.1,11629480,518.4,10372161,396.84000000000003,3053029,236.63,36472,165.29,3016557,237.49
1985-02-01,22034945,461.37,11644626,518.75,10390319,397.06,3051875,236.79,36362,165.21,3015513,237.66
1985-03-01,22035171,461.56,11640263,518.98,10394908,397.25,3045190,236.94,36199,165.01,3008991,237.81
1985-04-01,22049381,461.66,11644730,519.13,10404651,397.33,3044585,237.06,36135,164.95,3008450,237.92
1985-05-01,22076917,461.71999999999997,11655197,519.22,10421720,397.40999999999997,3046533,237.12,36075,164.77,3010458,237.99
1985-06-01,22107667,462.90999999999997,11665265,520.63,10442402,398.44,3048276,237.99,36008,164.94,3012268,238.86
1985-07-01,22179509,463.19,11699532,520.9599999999999,10479977,398.7,3054506,238.17,36032,164.89,3018474,239.05
1985-08-01,22241131,463.44,11732622,521.23,10508509,398.91999999999996,3059119,238.34,35936,164.66,3023183,239.21
1985-09-01,22301671,463.68,11761336,521.51,10540335,399.15000000000003,3063577,238.52,35885,164.47,3027692,239.4
1985-10-01,22348333,463.84000000000003,11781969,521.71,10566364,399.31,3066546,238.63,35810,164.37,3030736,239.51
1985-11-01,22379304,464.06,11793209,521.98,10586095,399.54,3066565,238.77,35766,164.25,3030799,239.65
1985-12-01,22432103,478.62,11817087,538.37,10615016,412.09,3069074,246.28,35753,169.09,3033321,247.19
1986-01-01,22533259,479.06,11877262,538.88,10655997,412.38,3072107,246.46,35670,168.91,3036437,247.37
1986-02-01,22567241,479.32,11893845,539.1800000000001,10673396,412.62,3071283,246.59,35528,168.78,3035755,247.5
1986-03-01,22563057,479.42999999999995,11888716,539.3399999999999,10674341,412.7,3065276,246.65,35307,168.58,3029969,247.56
1986-04-01,22587879,479.63,11899668,539.6,10688211,412.86,3065520,246.77,35180,168.44,3030340,247.68
1986-05-01,22613948,479.72999999999996,11909043,539.73,10704905,412.97999999999996,3064574,246.84,35144,168.4,3029430,247.75
1986-06-01,22646905,480.91999999999996,11920217,541.14,10726688,413.98999999999995,3064689,247.67,35002,168.6,3029687,248.59
1986-07-01,22722885,481.2,11960531,541.49,10762354,414.19,3072154,247.85,34974,168.44,3037180,248.76
1986-08-01,22787252,481.42999999999995,11992574,541.7800000000001,10794678,414.38,3076859,248.02,34929,168.34,3041930,248.94
1986-09-01,22841955,481.66,12018326,542.07,10823629,414.59,3080111,248.18,34868,168.2,3045243,249.09
1986-10-01,22902811,481.89,12047885,542.3499999999999,10854926,414.78,3084453,248.32,34839,168.16,3049614,249.23
1986-11-01,22933502,482.03,12059998,542.54,10873504,414.90999999999997,3084993,248.43,34768,167.97,3050225,249.35
1986-12-01,22986678,488.44,12085191,549.7800000000001,10901487,420.44,3087843,251.75,34706,170,3053137,252.68
1987-01-01,23081929,488.94,12142169,550.39,10939760,420.72999999999996,3089587,251.96,34606,169.92,3054981,252.89
1987-02-01,23118320,489.21,12160363,550.75,10957957,420.91999999999996,3088770,252.1,34475,169.77,3054295,253.03
1987-03-01,23123351,489.42999999999995,12160446,551.02,10962905,421.1,3083936,252.2,34287,169.63,3049649,253.13
1987-04-01,23120884,490.48999999999995,12152356,552.31,10968528,421.98999999999995,3080229,252.91,34206,169.95,3046023,253.85
1987-05-01,23145474,490.63,12161907,552.52,10983567,422.11,3079846,252.99,34153,169.88,3045693,253.92
1987-06-01,23195516,490.85,12185749,552.7800000000001,11009767,422.3,3082540,253.1,34104,169.63,3048436,254.03
1987-07-01,23252844,491.08,12214891,553.05,11037953,422.51,3086155,253.25,34085,169.43,3052070,254.19
1987-08-01,23299416,491.34000000000003,12236080,553.3499999999999,11063336,422.75,3087948,253.42,34026,169.23,3053922,254.36
1987-09-01,23355192,491.53,12263659,553.58,11091533,422.91999999999996,3091941,253.54,33973,169.2,3057968,254.47
1987-10-01,23399758,491.75,12283405,553.8599999999999,11116353,423.13,3093259,253.66,33914,169.09,3059345,254.59
1987-11-01,23435685,491.88,12298090,554.04,11137595,423.24,3093891,253.73,33828,168.95,3060063,254.67
1987-12-01,23439839,512.65,12295151,577.4599999999999,11144688,441.16,3089987,264.42,33742,175.86,3056245,265.4
1988-01-01,23478123,513.02,12317799,577.9499999999999,11160324,441.36,3084877,264.54,33567,175.69,3051310,265.52
1988-02-01,23492701,514.11,12326272,579.23,11166429,442.21999999999997,3082047,265.26,33382,176.05,3048665,266.23
1988-03-01,23528642,514.41,12343413,579.59,11185229,442.46999999999997,3081268,265.41,33246,176,3048022,266.38
1988-04-01,23555070,514.69,12354047,579.91,11201023,442.75,3080134,265.54,33154,175.85,3046980,266.52
1988-05-01,23584803,514.88,12365155,580.12,11219648,442.97999999999996,3079528,265.61,33078,175.78,3046450,266.59
1988-06-01,23632051,515.07,12387784,580.3499999999999,11244267,443.15000000000003,3082245,265.71,33040,175.73,3049205,266.69
1988-07-01,23686416,515.3399999999999,12414397,580.64,11272019,443.42999999999995,3084422,265.88,32948,175.61,3051474,266.85
1988-08-01,23743445,515.51,12443080,580.8199999999999,11300365,443.59,3087963,265.97,32857,175.51,3055106,266.94
1988-09-01,23794351,515.74,12467949,581.09,11326402,443.81,3090491,266.11,32842,175.34,3057649,267.08
1988-10-01,23838645,515.92,12487797,581.3299999999999,11350848,443.96,3092794,266.19,32781,175.08,3060013,267.16
1988-11-01,23852382,516.01,12490400,581.4499999999999,11361982,444.08,3091090,266.25,32708,174.78,3058382,267.22
1988-12-01,23858226,536.7700000000001,12486962,604.8499999999999,11371264,462.02,3086022,276.94,32589,181.48,3053433,277.96
1989-01-01,23872053,537.1,12499469,605.31,11372584,462.13,3079329,277.06,32431,181.43,3046898,278.08
1989-02-01,23907309,538.3299999999999,12518309,606.7800000000001,11389000,463.09,3077777,277.87,32307,181.72,3045470,278.89
1989-03-01,23932532,538.61,12529857,607.1,11402675,463.34000000000003,3075708,278.01,32205,181.6,3043503,279.03
1989-04-01,23977046,538.8499999999999,12552347,607.38,11424699,463.56,3078011,278.13,32170,181.43,3045841,279.15
1989-05-01,24014533,539.09,12568949,607.63,11445584,463.83,3078775,278.25,32105,181.22,3046670,279.27
1989-06-01,24061294,539.3499999999999,12591310,607.88,11469984,464.11,3081165,278.38,32070,181.11,3049095,279.4
1989-07-01,24128527,539.65,12626528,608.19,11501999,464.40999999999997,3085693,278.53,32062,180.98,3053631,279.55
1989-08-01,24188909,539.87,12657839,608.4599999999999,11531070,464.59,3090396,278.68,32060,180.75,3058336,279.7
1989-09-01,24236120,540.14,12680494,608.75,11555626,464.85,3092112,278.83,32006,180.54,3060106,279.86
1989-10-01,24274729,541.06,12698150,609.8,11576579,465.65000000000003,3093458,279.37,31934,180.83,3061524,280.4
1989-11-01,24294479,541.19,12704011,609.98,11590468,465.78999999999996,3092580,279.44,31843,180.62,3060737,280.47
1989-12-01,24326604,566.8499999999999,12718425,638.89,11608179,487.92999999999995,3093075,292.68,31796,189.13,3061279,293.76
1990-01-01,24345614,567.2800000000001,12733006,639.47,11612608,488.11,3085104,292.84,31623,189.02,3053481,293.92
1990-02-01,24379080,567.64,12752555,639.9,11626525,488.38,3085047,293.04,31548,188.81,3053499,294.12
1990-03-01,24411477,568.03,12769090,640.3,11642387,488.76,3084176,293.2,31474,188.72,3052702,294.27
1990-04-01,24461490,568.3,12795069,640.61,11666421,489,3087677,293.32,31476,188.59,3056201,294.4
1990-05-01,24505362,568.76,12815880,641.15,11689482,489.39,3088575,293.6,31418,188.37,3057157,294.68
1990-06-01,24548232,569.09,12835105,641.51,11713127,489.72999999999996,3088758,293.75,31387,188.38,3057371,294.84
1990-07-01,24620302,569.48,12873539,641.93,11746763,490.09,3093233,293.95,31326,188.35,3061907,295.03
1990-08-01,24684348,569.81,12907730,642.3,11776618,490.36,3097527,294.12,31361,188.17,3066166,295.2
1990-09-01,24741741,570.12,12937563,642.66,11804178,490.62,3100984,294.28,31320,187.98,3069664,295.36
1990-10-01,24776386,570.39,12955117,642.98,11821269,490.84000000000003,3101715,294.42,31234,187.8,3070481,295.5
1990-11-01,24803156,571.53,12965517,644.2900000000001,11837639,491.83,3099945,295.15,31171,188.2,3068774,296.24
1990-12-01,24838100,602.56,12983832,679.2700000000001,11854268,518.55,3101085,311.18,31126,198.2,3069959,312.32
1991-01-01,24831955,602.73,12984193,679.52,11847762,518.56,3091610,311.22,30961,197.9,3060649,312.37
1991-02-01,24844158,602.91,12992339,679.74,11851819,518.69,3090145,311.38,30881,197.75,3059264,312.53
1991-03-01,24887694,603.3399999999999,13016604,680.19,11871090,519.08,3089687,311.59,30841,197.39,3058846,312.74
1991-04-01,24931747,603.7,13039227,680.59,11892520,519.39,3091404,311.78,30829,197.1,3060575,312.94
1991-05-01,24971246,603.98,13057911,680.88,11913335,519.7,3091381,311.9,30765,196.93,3060616,313.06
1991-06-01,25025333,604.2900000000001,13085997,681.2,11939336,520,3094149,312.05,30688,196.71,3063461,313.21
1991-07-01,25094205,604.6800000000001,13123388,681.59,11970817,520.3599999999999,3098011,312.24,30669,196.69,3067342,313.39
1991-08-01,25156814,605.04,13157639,681.99,11999175,520.65,3102106,312.42,30647,196.64,3071459,313.58
1991-09-01,25205613,605.3499999999999,13182763,682.3199999999999,12022850,520.9499999999999,3104239,312.55,30613,196.28,3073626,313.71
1991-10-01,25241320,605.6,13202142,682.63,12039178,521.13,3105327,312.65,30599,196,3074728,313.81
1991-11-01,25248209,606.6700000000001,13201616,683.8,12046593,522.15,3102053,313.25,30553,196.35,3071500,314.41
1991-12-01,25288719,629.3199999999999,13222776,709.3399999999999,12065943,541.63,3104235,324.93,30578,203.33,3073657,326.14
1992-01-01,25257302,629.3499999999999,13208700,709.47,12048602,541.51,3090550,324.9,30357,202.97,3060193,326.11
1992-02-01,25300478,629.7,13233943,709.8599999999999,12066535,541.7900000000001,3092239,325.06,30291,202.95,3061948,326.27
1992-03-01,25342311,630.09,13256203,710.26,12086108,542.16,3092967,325.21,30232,202.71,3062735,326.42
1992-04-01,25389670,630.41,13281305,710.62,12108365,542.4399999999999,3096566,325.38,30206,202.63,3066360,326.59
1992-05-01,25425633,630.71,13298407,710.9,12127226,542.7700000000001,3097247,325.48,30144,202.4,3067103,326.69
1992-06-01,25480127,631.04,13327266,711.25,12152861,543.08,3100806,325.6,30161,202.32,3070645,326.81
1992-07-01,25546413,631.48,13362613,711.69,12183800,543.5,3104099,325.8,30182,202.18,3073917,327.02
1992-08-01,25605325,631.87,13393871,712.12,12211454,543.8499999999999,3107470,325.99,30174,202.03,3077296,327.2
1992-09-01,25658259,632.19,13422338,712.49,12235921,544.09,3110744,326.11,30207,202.02,3080537,327.33
1992-10-01,25682035,632.42,13433954,712.72,12248081,544.3599999999999,3109883,326.21,30217,201.73,3079666,327.44
1992-11-01,25718223,633.47,13450232,713.87,12267991,545.3299999999999,3109806,326.79,30194,202.28,3079612,328.01
1992-12-01,25757727,652.64,13470502,735.47,12287225,561.8199999999999,3111515,336.67,30206,208.2,3081309,337.93
1993-01-01,25715375,652.61,13450045,735.48,12265330,561.73,3095978,336.61,30037,208.01,3065941,337.87
1993-02-01,25759898,652.91,13476123,735.8199999999999,12283775,561.9599999999999,3097253,336.78,30002,207.87,3067251,338.04
1993-03-01,25784426,653.2800000000001,13489365,736.22,12295061,562.2900000000001,3095304,336.94,29951,207.56,3065353,338.2
1993-04-01,25809512,653.6700000000001,13502001,736.6,12307511,562.69,3094468,337.13,29944,207.4,3064524,338.39
1993-05-01,25832297,653.9399999999999,13511100,736.8599999999999,12321197,563.01,3092803,337.21,29962,207.23,3062841,338.49
1993-06-01,25879594,654.2700000000001,13535376,737.1800000000001,12344218,563.37,3094165,337.37,29952,207.07,3064213,338.65
1993-07-01,25940729,654.72,13566846,737.61,12373883,563.8299999999999,3095498,337.59,30003,206.94,3065495,338.87
1993-08-01,25988028,655.11,13590619,738.02,12397409,564.22,3096983,337.75,30027,206.96,3066956,339.03
1993-09-01,26048413,655.37,13622845,738.3199999999999,12425568,564.42,3101076,337.83,30105,206.85,3070971,339.11
1993-10-01,26060483,655.71,13627848,738.66,12432635,564.7900000000001,3097551,337.93,30098,206.55,3067453,339.22
1993-11-01,26097979,656.8499999999999,13645557,739.91,12452422,565.8299999999999,3097787,338.55,30060,206.96,3067727,339.84
1993-12-01,26104305,674.06,13645386,759.2900000000001,12458919,580.72,3094447,347.42,30025,212.09,3064422,348.75
1994-01-01,26055553,674.04,13621382,759.3299999999999,12434171,580.61,3076802,347.36,29854,211.6,3046948,348.69
1994-02-01,26069453,674.3499999999999,13628826,759.65,12440627,580.9,3073975,347.54,29809,211.5,3044166,348.87
1994-03-01,26092847,674.69,13642633,759.98,12450214,581.24,3071730,347.68,29760,211.28,3041970,349.02
1994-04-01,26120640,675.05,13654274,760.31,12466366,581.66,3070562,347.83,29852,211.2,3040710,349.17
1994-05-01,26143996,675.3,13663025,760.58,12480971,581.9499999999999,3068529,347.92,29813,210.75,3038716,349.27
1994-06-01,26191041,675.65,13686293,760.93,12504748,582.31,3069636,348.07,29806,210.77,3039830,349.41
1994-07-01,26250117,676.09,13716846,761.41,12533271,582.72,3070322,348.29,29826,210.77,3040496,349.64
1994-08-01,26299092,676.52,13742096,761.8599999999999,12556996,583.12,3071294,348.48,29850,210.6,3041444,349.84
1994-09-01,26340555,676.87,13763237,762.2700000000001,12577318,583.43,3072257,348.65,29848,210.56,3042409,350
1994-10-01,26359727,677.13,13770863,762.52,12588864,583.72,3068783,348.74,29780,210.27,3039003,350.09
1994-11-01,26380159,678.14,13776993,763.64,12603166,584.6700000000001,3067180,349.24,29810,210.67,3037370,350.6
1994-12-01,26407756,697.3399999999999,13790997,785.24,12616759,601.26,3066430,359.12,29836,216.35,3036594,360.52
1995-01-01,26366301,697.31,13770003,785.26,12596298,601.16,3049783,359.03,29662,216.14,3020121,360.43
1995-02-01,26399158,697.63,13788558,785.61,12610600,601.43,3049429,359.2,29621,215.97,3019808,360.6
1995-03-01,26412846,697.98,13794867,785.9399999999999,12617979,601.81,3045169,359.31,29609,215.79,3015560,360.72
1995-04-01,26431690,698.3599999999999,13802631,786.31,12629059,602.22,3042362,359.49,29626,215.74,3012736,360.9
1995-05-01,26451232,698.61,13809278,786.56,12641954,602.55,3039130,359.59,29594,215.44,3009536,361
1995-06-01,26492634,699,13829895,786.93,12662739,602.9599999999999,3038465,359.77,29621,215.42,3008844,361.19
1995-07-01,26550887,699.4599999999999,13860274,787.41,12690613,603.39,3038745,359.98,29659,215.36,3009086,361.41
1995-08-01,26597081,699.8399999999999,13883721,787.81,12713360,603.7700000000001,3038596,360.17,29661,215.32,3008935,361.6
1995-09-01,26641313,700.1700000000001,13906119,788.19,12735194,604.07,3038528,360.34,29701,215.17,3008827,361.77
1995-10-01,26656184,700.48,13912019,788.48,12744165,604.41,3034306,360.45,29725,215.08,3004581,361.89
1995-11-01,26656658,701.4499999999999,13905483,789.5,12751175,605.4399999999999,3029147,360.96,29735,215.46,2999412,362.41
1995-12-01,26672806,719.8,13913531,810.21,12759275,621.22,3026012,370.43,29741,220.79,2996271,371.91
1996-01-01,26606579,719.71,13878161,810.11,12728418,621.15,3001540,370.81,29552,220.54,2971988,372.31
1996-02-01,26640688,720.1700000000001,13898209,810.59,12742479,621.55,2998928,371.04,29503,220.51,2969425,372.54
1996-03-01,26651308,720.6,13902517,810.93,12748791,622.08,2992816,371.24,29442,220.51,2963374,372.74
1996-04-01,26665134,720.8599999999999,13907551,811.19,12757583,622.4,2988823,371.34,29512,220.19,2959311,372.85
1996-05-01,26685227,721.1800000000001,13915499,811.48,12769728,622.7800000000001,2985078,371.47,29531,219.96,2955547,372.99
1996-06-01,26722669,721.53,13932734,811.8399999999999,12789935,623.16,2983446,371.62,29571,219.85,2953875,373.14
1996-07-01,26782082,721.97,13961892,812.2900000000001,12820190,623.61,2983624,371.78,29605,219.69,2954019,373.3
1996-08-01,26827787,722.3599999999999,13985021,812.7,12842766,623.98,2982882,371.96,29589,219.52,2953293,373.49
1996-09-01,26863002,722.7,14001752,813.09,12861250,624.2900000000001,2980981,372.11,29595,219.34,2951386,373.64
1996-10-01,26889545,722.9399999999999,14014420,813.39,12875125,624.49,2979702,372.2,29569,219.08,2950133,373.74
1996-11-01,26891205,723.87,14010181,814.3499999999999,12881024,625.4599999999999,2973903,372.66,29615,219.56,2944288,374.2
1996-12-01,26898072,744.9599999999999,14010875,838.11,12887197,643.7,2970226,383.5,29600,225.67,2940626,385.09
1997-01-01,26790781,744.62,13949928,837.71,12840853,643.48,2947639,383.35,29403,225.07,2918236,384.95
1997-02-01,26852714,745.15,13985753,838.2900000000001,12866961,643.91,2947377,383.57,29424,224.74,2917953,385.17
1997-03-01,26873149,745.59,13994314,838.7,12878835,644.42,2942524,383.71,29444,224.45,2913080,385.32
1997-04-01,26915315,746.02,14014815,839.1800000000001,12900500,644.81,2941411,383.91,29519,224.53,2911892,385.52
1997-05-01,26955823,746.41,14035740,839.57,12920083,645.2,2940446,383.98,29614,224.12,2910832,385.61
1997-06-01,26981096,746.7700000000001,14044868,839.9399999999999,12936228,645.62,2936295,384.09,29602,224.14,2906693,385.71
1997-07-01,27059006,747.2700000000001,14073191,840.51,12985815,646.22,2936648,384.26,29665,224.11,2906983,385.89
1997-08-01,27153277,747.62,14087763,840.93,13065514,647.01,2934311,384.41,29656,224.15,2904655,386.04
1997-09-01,27203579,747.9,14097165,841.2900000000001,13106414,647.4499999999999,2931926,384.46,29711,224.07,2902215,386.1
1997-10-01,27247639,748.1700000000001,14112813,841.62,13134826,647.7700000000001,2930478,384.53,29724,223.94,2900754,386.17
1997-11-01,27257040,749.1,14111352,842.57,13145688,648.76,2925500,384.92,29751,224.44,2895749,386.57
1997-12-01,27274572,764.98,14116818,860.47,13157754,662.53,2922170,393.05,29786,228.78,2892384,394.74
1998-01-01,27165553,764.69,14049498,860.1700000000001,13116055,662.41,2896985,393.05,29540,228.27,2867445,394.75
1998-02-01,27223248,765.19,14078942,860.72,13144306,662.87,2894942,393.22,29543,228.04,2865399,394.92
1998-03-01,27250661,765.65,14090742,861.1800000000001,13159919,663.3599999999999,2890167,393.3,29694,227.82,2860473,395.01
1998-04-01,27296930,766.03,14113590,861.59,13183340,663.73,2889682,393.4,29843,227.58,2859839,395.14
1998-05-01,27331139,766.51,14129537,862.11,13201602,664.19,2887269,393.6,29862,227.72,2857407,395.33
1998-06-01,27358240,766.87,14139184,862.49,13219056,664.58,2883709,393.7,29884,227.58,2853825,395.44
1998-07-01,27410657,767.38,14165240,863.08,13245417,665.03,2882577,393.89,29924,227.73,2852653,395.63
1998-08-01,27439321,767.7900000000001,14177740,863.55,13261581,665.41,2879091,394.04,29958,227.43,2849133,395.79
1998-09-01,27468751,768.19,14191297,864.02,13277454,665.7700000000001,2877088,394.14,29971,227.35,2847117,395.89
1998-10-01,27484413,768.47,14196542,864.3299999999999,13287871,666.06,2873004,394.2,30013,227.28,2842991,395.97
1998-11-01,27492923,769.53,14195009,865.4499999999999,13297914,667.14,2868137,394.7,29972,227.85,2838165,396.46
1998-12-01,27510535,779.69,14200826,876.93,13309709,675.93,2864230,399.88,30013,230.48,2834217,401.68
1999-01-01,27472996,779.75,14179641,877.02,13293355,675.99,2847874,399.92,29909,229.98,2817965,401.72
1999-02-01,27476925,780.07,14177582,877.39,13299343,676.3299999999999,2840589,400.05,29823,229.86,2810766,401.85
1999-03-01,27504367,780.62,14191313,878.01,13313054,676.81,2835612,400.18,29858,229.75,2805754,401.99
1999-04-01,27529207,781.2,14203683,878.59,13325524,677.38,2831236,400.34,29947,229.67,2801289,402.17
1999-05-01,27554986,781.65,14214972,879.06,13340014,677.8499999999999,2827259,400.43,30001,229.42,2797258,402.27
1999-06-01,27597548,782.22,14236805,879.71,13360743,678.3299999999999,2825734,400.56,30093,229.45,2795641,402.4
1999-07-01,27638654,782.75,14256909,880.3299999999999,13381745,678.7900000000001,2824033,400.7,30152,229.38,2793881,402.55
1999-08-01,27664456,783.2,14267901,880.8399999999999,13396555,679.22,2821245,400.75,30238,229.18,2791007,402.61
1999-09-01,27715449,783.65,14294905,881.39,13420544,679.55,2821864,400.83,30327,229.15,2791537,402.7
1999-10-01,27734106,784.09,14303444,881.89,13430662,679.92,2817762,400.9,30389,228.85,2787373,402.78
1999-11-01,27747074,785.2,14306482,883.07,13440592,681.03,2813586,401.37,30453,229.28,2783133,403.25
1999-12-01,27774677,804.3,14321468,904.62,13453209,697.5,2811008,411.05,30535,234.52,2780473,412.99
2000-01-01,27699875,804.25,14277347,904.56,13422528,697.56,2789532,411.06,30360,233.79,2759172,413.01
2000-02-01,27745329,804.87,14302793,905.26,13442536,698.06,2785677,411.17,30448,233.74,2755229,413.14
2000-03-01,27797863,805.4499999999999,14331321,905.89,13466542,698.57,2783949,411.31,30628,233.52,2753321,413.29
2000-04-01,27855667,806.1700000000001,14363848,906.7700000000001,13491819,699.08,2782574,411.48,30700,233.04,2751874,413.48
2000-05-01,28208791,811.14,14608934,913.3299999999999,13599857,701.37,2811678,412.89,31357,233.61,2780321,414.91
2000-06-01,28276885,812.14,14649184,914.53,13627701,702.06,2811364,413.36,31490,233.89,2779874,415.4
2000-07-01,28342741,812.87,14686402,915.4,13656339,702.61,2811037,413.62,31699,233.88,2779338,415.67
2000-08-01,28375895,813.74,14703915,916.3499999999999,13671980,703.38,2809145,413.9,31807,234.49,2777338,415.96
2000-09-01,28431454,814.21,14734331,916.92,13697123,703.72,2808935,414.01,32034,234.3,2776901,416.09
2000-10-01,28458539,814.66,14749447,917.4399999999999,13709092,704.08,2805553,414.12,32134,234.29,2773419,416.21
2000-11-01,28485181,815.62,14762043,918.51,13723138,704.9499999999999,2803566,414.55,32280,234.63,2771286,416.64
2000-12-01,28498945,844.48,14767170,951.05,13731775,729.89,2798203,429.14,32343,242.74,2765860,431.32
2001-01-01,28565413,845.4499999999999,14807311,952.15,13758102,730.61,2791044,429.41,32412,242.67,2758632,431.61
2001-02-01,28603503,845.97,14827117,952.74,13776386,731.06,2787035,429.51,32488,242.99,2754547,431.71
2001-03-01,28628495,846.48,14838572,953.26,13789923,731.57,2781776,429.59,32703,242.9,2749073,431.81
2001-04-01,28659643,846.9499999999999,14851153,953.75,13808490,732.08,2777354,429.7,32847,242.73,2744507,431.93
2001-05-01,28680931,847.2900000000001,14859852,954.13,13821079,732.42,2773265,429.72,32983,242.51,2740282,431.97
2001-06-01,28703537,847.75,14869987,954.61,13833550,732.87,2768539,429.83,33117,242.58,2735422,432.1
2001-07-01,28730001,849.05,14881023,956.11,13848978,734.02,2763075,430.41,33229,242.81,2729846,432.7
2001-08-01,28755486,849.51,14892929,956.63,13862557,734.43,2760216,430.5,33323,243.01,2726893,432.79
2001-09-01,28788412,849.92,14908913,957.09,13879499,734.8,2757433,430.57,33455,242.96,2723978,432.88
2001-10-01,28805908,850.3299999999999,14917459,957.53,13888449,735.1800000000001,2752533,430.67,33509,242.85,2719024,432.98
2001-11-01,28828042,851.91,14927354,959.24,13900688,736.66,2748385,431.39,33609,244.13,2714776,433.71
2001-12-01,28836774,874.4399999999999,14930081,984.58,13906693,756.1800000000001,2741962,442.69,33678,250.27,2708284,445.08
2002-01-01,28902760,875.54,14969434,985.8499999999999,13933326,757.03,2735790,442.98,33784,250.7,2702006,445.38
2002-02-01,28940269,876.1700000000001,14988201,986.58,13952068,757.57,2730688,443.14,33833,250.99,2696855,445.55
2002-03-01,28956449,876.7800000000001,14995581,987.21,13960868,758.16,2722642,443.27,34015,251.38,2688627,445.69
2002-04-01,28979929,877.38,15006950,987.8599999999999,13972979,758.73,2717067,443.42,34194,251.34,2682873,445.87
2002-05-01,29012535,877.8599999999999,15022779,988.4,13989756,759.16,2713377,443.52,34383,250.93,2678994,445.99
2002-06-01,29037692,878.38,15033888,988.97,14003804,759.65,2707758,443.74,34421,251.15,2673337,446.22
2002-07-01,29073967,878.93,15049835,989.59,14024132,760.1700000000001,2703150,443.93,34553,251.49,2668597,446.42
2002-08-01,29106082,879.52,15064849,990.2900000000001,14041233,760.6800000000001,2699734,444.09,34688,251.56,2665046,446.6
2002-09-01,29137792,880,15079035,990.87,14058757,761.08,2695190,444.21,34805,251.19,2660385,446.74
2002-10-01,29166713,880.4599999999999,15093630,991.4,14073083,761.47,2692064,444.33,34939,251.24,2657125,446.87
2002-11-01,29182074,882.19,15099447,993.3499999999999,14082627,763.01,2687534,445.06,35064,252.65,2652470,447.6
2002-12-01,29190137,895,15100473,1007.81,14089664,774.09,2681153,451.34,35134,256.1,2646019,453.93
2003-01-01,29220529,896.02,15115187,1008.97,14105342,774.98,2672385,451.61,35133,256.4,2637252,454.21
2003-02-01,29237973,896.53,15119684,1009.56,14118289,775.49,2666463,451.74,35189,256.34,2631274,454.36
2003-03-01,29255772,897.12,15126111,1010.22,14129661,776.05,2659518,451.81,35314,255.97,2624204,454.45
2003-04-01,29292476,897.72,15143207,1010.91,14149269,776.58,2655905,451.95,35497,255.86,2620408,454.61
2003-05-01,29325100,898.21,15158199,1011.49,14166901,777,2651550,452.04,35642,255.76,2615908,454.71
2003-06-01,29353016,898.73,15168031,1012.08,14184985,777.52,2646203,452.22,35695,256.11,2610508,454.9
2003-07-01,29395378,899.26,15187326,1012.72,14208052,777.97,2642570,452.36,35817,256.24,2606753,455.05
2003-08-01,29424717,899.8399999999999,15200358,1013.42,14224359,778.4599999999999,2638091,452.55,35901,256.41,2602190,455.25
2003-09-01,29461921,900.3299999999999,15217081,1014.04,14244840,778.8599999999999,2634742,452.62,36119,256.3,2598623,455.35
2003-10-01,29495445,900.8199999999999,15233786,1014.64,14261659,779.24,2631518,452.73,36245,256.38,2595273,455.47
2003-11-01,29515498,902.62,15241852,1016.66,14273646,780.8599999999999,2626836,453.47,36399,257.68,2590437,456.22
2003-12-01,29531611,922.08,15247841,1038.6799999999998,14283770,797.62,2621691,463.1,36523,263.09,2585168,465.92
2004-01-01,29589438,923.51,15280800,1040.35,14308638,798.74,2613446,463.42,36621,263.37,2576825,466.26
2004-02-01,29625669,924.19,15297304,1041.1499999999999,14328365,799.3199999999999,2607616,463.56,36661,263.6,2570955,466.41
2004-03-01,29631056,924.6,15295493,1041.55,14335563,799.81,2600382,463.66,36806,263.5,2563576,466.54
2004-04-01,29648953,925.02,15299041,1042.01,14349912,800.2900000000001,2596411,463.75,36990,263.67,2559421,466.64
2004-05-01,29682096,925.4599999999999,15312322,1042.53,14369774,800.7,2592505,463.78,37207,263.52,2555298,466.69
2004-06-01,29718317,925.91,15328054,1043.08,14390263,801.11,2589056,463.9,37318,263.93,2551738,466.82
2004-07-01,29765502,926.37,15349421,1043.6799999999998,14416081,801.47,2584650,464.11,37458,264.19,2547192,467.05
2004-08-01,29787876,926.91,15358189,1044.34,14429687,801.92,2580602,464.27,37626,264.31,2542976,467.23
2004-09-01,29838810,927.2800000000001,15382227,1044.87,14456583,802.1700000000001,2579078,464.34,37804,264.45,2541274,467.32
2004-10-01,29866162,927.71,15393695,1045.3899999999999,14472467,802.54,2574965,464.41,37908,264.32,2537057,467.4
2004-11-01,29906947,929.43,15411923,1047.33,14495024,804.08,2572333,465.12,38094,265.76,2534239,468.12
2004-12-01,29953081,954.89,15430725,1076.11,14522356,826.09,2568869,477.77,38247,272.89,2530622,480.87
2005-01-01,30086392,956.52,15502278,1077.99,14584114,827.4,2566110,478.12,38456,273.12,2527654,481.24
2005-02-01,30145400,957.12,15530281,1078.73,14615119,827.89,2562548,478.32,38453,273.39,2524095,481.44
2005-03-01,30181069,957.61,15546618,1079.28,14634451,828.3499999999999,2557619,478.4,38635,273.45,2518984,481.55
2005-04-01,30215726,958.16,15560948,1079.91,14654778,828.89,2553555,478.51,38915,273.56,2514640,481.68
2005-05-01,30222115,958.4,15559350,1080.1399999999999,14662765,829.22,2548700,478.5,39102,273.22,2509598,481.7
2005-06-01,30237607,958.61,15561603,1080.35,14676004,829.53,2544120,478.59,39172,273.35,2504948,481.8
2005-07-01,30276313,959.05,15576789,1080.85,14699524,829.98,2540709,478.6,39336,273.41,2501373,481.83
2005-08-01,30305980,959.56,15586215,1081.46,14719765,830.49,2537391,478.66,39510,273.35,2497881,481.9
2005-09-01,30359528,959.93,15610153,1081.97,14749375,830.76,2535898,478.72,39697,273.43,2496201,481.99
2005-10-01,30391098,960.3399999999999,15623524,1082.47,14767574,831.13,2531773,478.8,39855,273.4,2491918,482.08
2005-11-01,30426853,962.12,15639051,1084.45,14787802,832.75,2528754,479.55,39976,274.78,2488778,482.84
2005-12-01,30455298,1001.97,15646409,1129.43,14808889,867.3,2523750,499.39,40051,286.33,2483699,502.82
2006-01-01,30583108,1003.93,15712386,1131.6799999999998,14870722,868.9399999999999,2519495,499.81,40202,286.61,2479293,503.26
2006-02-01,30657828,1004.64,15748391,1132.54,14909437,869.54,2517283,499.98,40459,286.7,2476824,503.46
2006-03-01,30706016,1005.38,15769869,1133.53,14936147,870.08,2513301,500.05,40660,286.56,2472641,503.56
2006-04-01,30741339,1006.1700000000001,15785307,1134.46,14956032,870.76,2509134,500.18,40798,287.13,2468336,503.7
2006-05-01,30780887,1006.62,15803299,1134.96,14977588,871.2,2506420,500.16,41056,287.06,2465364,503.71
2006-06-01,30824527,1007.15,15822783,1135.56,15001744,871.72,2502887,500.31,41177,287.46,2461710,503.87
2006-07-01,30832475,1007.55,15818609,1135.92,15013866,872.2900000000001,2496794,500.4,41322,287.4,2455472,503.98
2006-08-01,30830250,1007.89,15811207,1136.24,15019043,872.7700000000001,2491838,500.41,41408,287.22,2450430,504.02
2006-09-01,30878589,1008.2900000000001,15832036,1136.74,15046553,873.14,2488877,500.47,41598,287.17,2447279,504.1
2006-10-01,30908097,1008.72,15842886,1137.23,15065211,873.59,2484570,500.45,41707,287.16,2442863,504.1
2006-11-01,30958565,1010.57,15862108,1139.24,15096457,875.3599999999999,2482814,501.08,41982,288.37,2440832,504.74
2006-12-01,30971472,1044.3899999999999,15865660,1177.42,15105812,904.66,2476411,517.85,42033,298.34,2434378,521.64
2007-01-01,31109760,1046.5,15941475,1179.8899999999999,15168285,906.3199999999999,2472991,518.22,42205,298.96,2430786,522.03
2007-02-01,31179299,1047.32,15976236,1180.86,15203063,906.99,2470436,518.43,42369,299.3,2428067,522.25
2007-03-01,31224687,1048.01,15997402,1181.58,15227285,907.6800000000001,2466210,518.43,42669,299.23,2423541,522.29
2007-04-01,31275517,1048.82,16021684,1182.46,15253833,908.4499999999999,2463133,518.53,42954,299.2,2420179,522.42
2007-05-01,31322126,1049.35,16043399,1183.02,15278727,908.99,2460442,518.54,43229,299.03,2417213,522.47
2007-06-01,31373632,1049.96,16063246,1183.6499999999999,15310386,909.7,2456596,518.67,43360,299.52,2413236,522.61
2007-07-01,31419148,1050.6799999999998,16080271,1184.42,15338877,910.48,2452188,518.81,43577,299.81,2408611,522.77
2007-08-01,31476936,1051.3,16106409,1185.1499999999999,15370527,911.05,2450641,518.87,43778,299.99,2406863,522.85
2007-09-01,31455831,1051.6799999999998,16088557,1185.49,15367274,911.6,2444151,518.89,43796,299.96,2400355,522.89
2007-10-01,31467071,1051.8799999999999,16088509,1185.6699999999998,15378562,911.93,2439592,518.84,44004,299.8,2395588,522.87
2007-11-01,31509548,1053.74,16104497,1187.75,15405051,913.66,2436712,519.56,44179,301.21,2392533,523.59
2007-12-01,31525098,1078.54,16109553,1215.71,15415545,935.19,2430763,531.66,44231,308.46,2386532,535.8
2008-01-01,31682907,1080.6899999999998,16194476,1218.21,15488431,936.9,2428628,532.05,44475,309.23,2384153,536.2
2008-02-01,31756676,1081.6,16230422,1219.26,15526254,937.69,2425344,532.3,44689,309.72,2380655,536.48
2008-03-01,31802587,1082.29,16251269,1220.01,15551318,938.38,2420681,532.39,45127,310,2375554,536.62
2008-04-01,31850948,1083.03,16275171,1220.82,15575777,939.05,2417653,532.5,45418,310.28,2372235,536.75
2008-05-01,31901001,1083.6399999999999,16298276,1221.5,15602725,939.63,2414881,532.56,45672,310.5,2369209,536.84
2008-06-01,31965430,1084.47,16326926,1222.36,15638504,940.52,2407707,533.22,45746,311.45,2361961,537.52
2008-07-01,32034820,1085.29,16358254,1223.25,15676566,941.3299999999999,2402371,533.83,45962,311.75,2356409,538.17
2008-08-01,32112715,1086.1,16395595,1224.1699999999998,15717120,942.08,2398517,534.31,46221,312.37,2352296,538.67
2008-09-01,32149303,1086.87,16410221,1225.03,15739082,942.81,2392049,534.81,46482,313.13,2345567,539.2
2008-10-01,32222895,1087.52,16446013,1225.77,15776882,943.41,2388474,535.21,46746,313.71,2341728,539.63
2008-11-01,32248764,1089.28,16451930,1227.61,15796834,945.21,2383360,536.18,46974,315.48,2336386,540.61
2008-12-01,32273145,1152.8899999999999,16455508,1299.1399999999999,15817637,1000.73,2370314,568.55,47020,334.52,2323294,573.28
2009-01-01,32484808,1155.28,16565490,1301.93,15919318,1002.6800000000001,2367553,569.39,47294,335.61,2320259,574.16
2009-02-01,32616240,1156.03,16633011,1302.76,15983229,1003.3199999999999,2366367,569.78,47633,336.44,2318734,574.58
2009-03-01,32723029,1156.77,16686641,1303.58,16036388,1004.02,2363439,570.13,48032,337.14,2315407,574.96
2009-04-01,32831108,1157.49,16741352,1304.3799999999999,16089756,1004.64,2362719,570.51,48458,337.82,2314261,575.39
2009-05-01,32921895,1158.1,16786144,1305.05,16135751,1005.23,2360438,570.81,48849,338.57,2311589,575.71
2009-06-01,33026550,1158.78,16834196,1305.78,16192354,1005.9599999999999,2357671,571.18,49094,339.71,2308577,576.1
2009-07-01,33135218,1159.5,16885810,1306.58,16249408,1006.66,2355802,571.57,49460,340.47,2306342,576.53
2009-08-01,33239757,1160.1799999999998,16937507,1307.32,16302250,1007.31,2354274,571.86,49865,341.08,2304409,576.85
2009-09-01,33320315,1160.86,16976305,1308.11,16344010,1007.91,2352747,572.22,50295,342.39,2302452,577.24
2009-10-01,33366881,1161.48,16997913,1308.74,16368968,1008.57,2349718,572.51,50685,343.69,2299033,577.56
2009-11-01,33452328,1163.55,17039447,1310.9,16412881,1010.57,2348198,573.7,51177,346.48,2297021,578.77
2009-12-01,33512913,1164.32,17066760,1311.6499999999999,16446153,1011.42,2343000,574.21,51414,347.84,2291586,579.29
2010-01-01,33687642,1166.25,17158516,1313.74,16529126,1013.14,2341445,574.91,51864,349.25,2289581,580.02
2010-02-01,33796180,1167.1399999999999,17213315,1314.71,16582865,1013.9599999999999,2339016,575.46,52174,350.76,2286842,580.58
2010-03-01,33882467,1167.81,17255151,1315.37,16627316,1014.6800000000001,2336247,575.78,52652,352.13,2283595,580.94
2010-04-01,33965577,1168.59,17294085,1316.2,16671492,1015.47,2334588,576.16,53125,353.13,2281463,581.35
2010-05-01,34048324,1169.1799999999998,17334388,1316.77,16713936,1016.11,2332804,576.46,53602,354.57,2279202,581.68
2010-06-01,34137606,1169.91,17373051,1317.48,16764555,1016.99,2330645,576.93,54011,356.06,2276634,582.17
2010-07-01,34232983,1170.78,17415442,1318.36,16817541,1017.9499999999999,2328819,577.37,54590,357.73,2274229,582.64
2010-08-01,34326357,1171.57,17459103,1319.1799999999998,16867254,1018.7700000000001,2327590,577.75,55171,359.23,2272419,583.06
2010-09-01,34389661,1172.23,17488045,1319.8799999999999,16901616,1019.4599999999999,2325139,578.14,55540,360.53,2269599,583.47
2010-10-01,34463650,1172.81,17523053,1320.45,16940597,1020.1,2322934,578.45,56120,361.92,2266814,583.82
2010-11-01,34530905,1174.74,17553733,1322.3799999999999,16977172,1022.09,2320501,579.57,56566,364.77,2263935,584.94
2010-12-01,34592322,1175.45,17581758,1323.05,17010564,1022.89,2315898,580.06,56985,366.05,2258913,585.45
2011-01-01,34745150,1177.3899999999999,17660828,1325.08,17084322,1024.71,2313637,580.77,57568,367.62,2256069,586.21
2011-02-01,34849814,1178.1,17711379,1325.85,17138435,1025.41,2312078,581.23,58031,369.41,2254047,586.68
2011-03-01,34929971,1178.76,17749048,1326.46,17180923,1026.1699999999998,2310223,581.57,58714,370.81,2251509,587.07
2011-04-01,35012443,1179.51,17787053,1327.21,17225390,1027,2308334,581.99,59271,371.88,2249063,587.53
2011-05-01,35080355,1180.12,17818310,1327.78,17262045,1027.71,2306094,582.3,59837,372.94,2246257,587.88
2011-06-01,35158464,1180.84,17850557,1328.45,17307907,1028.6,2303141,582.83,60203,374.71,2242938,588.41
2011-07-01,35256063,1181.59,17893045,1329.1899999999998,17363018,1029.5,2301571,583.29,60686,375.86,2240885,588.91
2011-08-01,35317017,1182.41,17917630,1330.01,17399387,1030.4,2299373,583.78,61195,377.08,2238178,589.43
2011-09-01,35411120,1182.96,17960603,1330.58,17450517,1031.03,2298212,584.25,61690,378.36,2236522,589.93
2011-10-01,35472121,1183.53,17987455,1331.1,17484666,1031.72,2296433,584.65,62245,379.71,2234188,590.36
2011-11-01,35545608,1185.33,18020208,1332.8899999999999,17525400,1033.61,2295213,585.8,62755,382.62,2232458,591.51
2011-12-01,35599046,1228.57,18042684,1381.3799999999999,17556362,1071.54,2291443,607.45,63219,397.92,2228224,613.39
2012-01-01,35752299,1230.47,18118612,1383.34,17633687,1073.3899999999999,2289279,607.99,63826,399.11,2225453,613.98
2012-02-01,35876089,1231.06,18177258,1383.96,17698831,1074.02,2290487,608.28,64485,400.1,2226002,614.31
2012-03-01,35951992,1231.73,18212213,1384.59,17739779,1074.81,2288308,608.73,65212,401.69,2223096,614.8
2012-04-01,36037299,1232.6,18251436,1385.42,17785863,1075.78,2287682,609.28,65985,403.94,2221697,615.38
2012-05-01,36120981,1233.21,18289946,1386.01,17831035,1076.48,2287116,609.77,66711,405.78,2220405,615.9
2012-06-01,36202371,1234.02,18322974,1386.76,17879397,1077.48,2284752,610.45,67308,408.42,2217444,616.58
2012-07-01,36312635,1234.83,18372208,1387.57,17940427,1078.42,2284568,611.14,68089,410.57,2216479,617.3
2012-08-01,36398077,1235.6299999999999,18410985,1388.37,17987092,1079.29,2284618,611.76,68932,412.91,2215686,617.94
2012-09-01,36505977,1236.52,18461698,1389.33,18044279,1080.1899999999998,2285541,612.54,69898,415.79,2215643,618.75
2012-10-01,36591718,1237.28,18502058,1390.1,18089660,1080.98,2284998,613.35,70756,418.19,2214242,619.59
2012-11-01,36659932,1239.36,18532699,1392.26,18127233,1083.05,2284459,614.9,71515,422.19,2212944,621.13
2012-12-01,36719288,1261.62,18558951,1417.05,18160337,1102.77,2280332,626.46,72460,432.89,2207872,632.81
2013-01-01,36890710,1264.04,18646430,1419.6899999999998,18244280,1104.95,2277427,627.77,73093,435.55,2204334,634.14
2013-02-01,37011285,1264.8899999999999,18706023,1420.47,18305262,1105.9,2278349,628.59,74174,437.56,2204175,635.02
2013-03-01,37107547,1265.82,18752665,1421.33,18354882,1106.94,2278583,629.46,75135,440.26,2203448,635.92
2013-04-01,37197583,1266.81,18794176,1422.27,18403407,1108.04,2278684,630.45,76165,442.93,2202519,636.94
2013-05-01,37295403,1267.56,18839115,1422.96,18456288,1108.93,2280334,631.3,77189,445.17,2203145,637.82
2013-06-01,37392395,1268.52,18877237,1423.83,18515158,1110.1599999999999,2280207,632.33,78021,448.41,2202186,638.84
2013-07-01,37504073,1269.3799999999999,18926622,1424.6599999999999,18577451,1111.1799999999998,2281645,633.3,79080,451.36,2202565,639.83
2013-08-01,37574576,1270.3899999999999,18956362,1425.6799999999998,18618214,1112.27,2282772,634.23,80094,453.94,2202678,640.79
2013-09-01,37674932,1271.12,19002012,1426.37,18672920,1113.1299999999999,2284187,635.13,81148,456.53,2203039,641.71
2013-10-01,37755632,1271.77,19038658,1427.02,18716974,1113.86,2286136,635.95,82094,458.84,2204042,642.55
2013-11-01,37833877,1273.92,19073240,1429.11,18760637,1116.1299999999999,2286777,637.81,83512,464.39,2203265,644.38
2013-12-01,37891025,1293.84,19098526,1451.27,18792499,1133.84,2285248,648.37,84462,474.24,2200786,655.05
2014-01-01,38041816,1295.84,19172679,1453.35,18869137,1135.79,2284743,649.46,85559,476.89,2199184,656.17
2014-02-01,38145424,1296.76,19220056,1454.3,18925368,1136.76,2285462,650.53,86692,479.62,2198770,657.27
2014-03-01,38254230,1297.55,19271826,1454.98,18982404,1137.71,2288084,651.51,88176,482.87,2199908,658.26
2014-04-01,38349131,1298.4,19315480,1455.74,19033651,1138.72,2290804,652.57,89675,485.87,2201129,659.36
2014-05-01,38440519,1299.1299999999999,19357236,1456.36,19083283,1139.6399999999999,2293079,653.55,91036,488.9,2202043,660.36
2014-06-01,38515241,1300.04,19387220,1457.1599999999999,19128021,1140.8,2293939,654.67,92237,492.19,2201702,661.48
2014-07-01,38627588,1300.82,19436932,1457.85,19190656,1141.77,2296362,655.76,93480,495.42,2202882,662.57
2014-08-01,38700614,1301.84,19467180,1458.86,19233434,1142.92,2298505,656.83,94801,498.53,2203704,663.64
2014-09-01,38797446,1302.56,19509970,1459.49,19287476,1143.82,2301385,657.87,96248,501.47,2205137,664.69
2014-10-01,38876304,1303.24,19544702,1460.12,19331602,1144.6299999999999,2304068,658.94,97519,504.36,2206549,665.77
2014-11-01,38960154,1305.44,19581998,1462.31,19378156,1146.92,2305984,660.94,98683,508.77,2207301,667.74
2014-12-01,39008771,1328.58,19601843,1488.07,19406928,1167.49,2303480,673.26,99521,519.76,2203959,680.19
2015-01-01,39141652,1330.71,19663503,1490.35,19478149,1169.55,2297492,674.5,100321,522.24,2197171,681.45
2015-02-01,39250826,1331.44,19715583,1491.01,19535243,1170.4,2297039,675.29,101437,524.37,2195602,682.27
2015-03-01,39341270,1332.35,19758103,1491.82,19583167,1171.45,2298973,676.5,103041,527.74,2195932,683.48
2015-04-01,39432426,1333.35,19800297,1492.73,19632129,1172.61,2302348,677.87,104787,531.43,2197561,684.85
2015-05-01,39505145,1334.21,19832088,1493.45,19673057,1173.6799999999998,2305619,679.2,106258,534.42,2199361,686.2
2015-06-01,39605074,1335,19875349,1494.09,19729725,1174.74,2309282,680.58,107872,538.43,2201410,687.54
2015-07-01,39683323,1335.97,19907435,1494.98,19775888,1175.9,2313343,682.04,109608,542.02,2203735,689
2015-08-01,39799172,1336.86,19960395,1495.78,19838777,1176.96,2319355,683.53,111636,545.76,2207719,690.5
2015-09-01,39892881,1337.57,20002944,1496.41,19889937,1177.82,2324558,684.84,113401,548.6,2211157,691.82
2015-10-01,39968311,1338.27,20037533,1497.01,19930778,1178.6799999999998,2330148,686.21,115263,551.75,2214885,693.21
2015-11-01,40039590,1340.48,20067704,1499.26,19971886,1180.94,2334658,688.51,116893,556.3,2217765,695.47
2015-12-01,40089061,1341.77,20089856,1500.46,19999205,1182.36,2335807,690.3,118268,559.99,2217539,697.25
2016-01-01,40243906,1343.6799999999998,20166956,1502.3799999999999,20076950,1184.27,2337773,692.1,119871,563.15,2217902,699.07
2016-02-01,40338983,1344.7,20209604,1503.44,20129379,1185.33,2342674,693.64,121829,566.57,2220845,700.61
2016-03-01,40448530,1345.49,20263606,1504.1399999999999,20184924,1186.22,2349697,695.02,123834,569.43,2225863,702.01
2016-04-01,40525988,1346.72,20297299,1505.26,20228689,1187.6399999999999,2357248,697.08,126592,574.01,2230656,704.06
2016-05-01,40620732,1347.59,20340202,1506,20280530,1188.71,2364168,698.59,129083,577.55,2235085,705.58
2016-06-01,40723592,1348.49,20385322,1506.82,20338270,1189.8,2367055,699.77,130806,580.41,2236249,706.75
2016-07-01,40816763,1349.59,20425681,1507.87,20391082,1191.05,2369234,700.82,132652,582.18,2236582,707.86
2016-08-01,40926118,1350.6399999999999,20476996,1508.83,20449122,1192.23,2372489,701.67,134228,583.15,2238261,708.78
2016-09-01,40982789,1351.7,20500213,1509.87,20482576,1193.4,2373250,702.59,135424,584.17,2237826,709.76
2016-10-01,41082060,1354.04,20546463,1512.2,20535597,1195.8,2374625,704.52,136783,586.97,2237842,711.7
2016-11-01,41174259,1354.78,20588423,1512.9,20585836,1196.6299999999999,2375746,705.05,137886,587.53,2237860,712.29
2016-12-01,41233126,1360.1299999999999,20616209,1518.6399999999999,20616917,1201.6399999999999,2371074,707.85,138487,590.46,2232587,715.13
2017-01-01,41385560,1362.6399999999999,20688823,1521.33,20696737,1204.01,2363749,708.86,138792,590.88,2224957,716.22
2017-02-01,41506087,1363.6599999999999,20747092,1522.25,20758995,1205.1599999999999,2364579,709.42,140091,591.38,2224488,716.86
2017-03-01,41608350,1365.35,20796137,1523.86,20812213,1206.96,2365121,710.41,141408,593.06,2223713,717.87
2017-04-01,41706611,1366.46,20842652,1524.87,20863959,1208.21,2366990,711.07,142981,593.61,2224009,718.62
2017-05-01,41800862,1367.58,20885607,1525.92,20915255,1209.46,2368005,711.68,144321,594.2,2223684,719.31
2017-06-01,41907870,1368.6699999999998,20934111,1526.93,20973759,1210.7,2368020,712.43,145597,595.38,2222423,720.09
2017-07-01,42006148,1369.97,20977414,1528.21,21028734,1212.12,2369288,713.22,147279,596.29,2222009,720.97
2017-08-01,42123973,1371.1399999999999,21031927,1529.35,21092046,1213.3799999999999,2372361,714,148938,597.24,2223423,721.82
2017-09-01,42181805,1372.3899999999999,21054208,1530.6299999999999,21127597,1214.7,2372763,714.8,150410,598.27,2222353,722.69
2017-10-01,42287263,1374.55,21102924,1532.8,21184339,1216.92,2374873,716.39,152096,600.33,2222777,724.33
2017-11-01,42390416,1375.29,21150866,1533.5,21239550,1217.75,2377456,716.9,153386,600.91,2224070,724.89
2017-12-01,42446992,1404.1499999999999,21175568,1565.45,21271424,1243.58,2375575,732.13,154477,614.24,2221098,740.33
2018-01-01,42580884,1406.91,21239091,1568.45,21341793,1246.1399999999999,2368707,733.23,155272,615.14,2213435,741.52
2018-02-01,42709500,1407.96,21302754,1569.48,21406746,1247.23,2370434,733.75,156763,615.62,2213671,742.12
2018-03-01,42814491,1409.91,21352681,1571.32,21461810,1249.33,2371465,734.89,158808,617.38,2212657,743.32
2018-04-01,42920600,1411.07,21401914,1572.4,21518686,1250.62,2374234,735.55,160895,618.24,2213339,744.07
2018-05-01,43023866,1412.1399999999999,21448947,1573.4,21574919,1251.82,2376723,736.15,162697,619.01,2214026,744.76
2018-06-01,43130075,1413.37,21496345,1574.56,21633730,1253.2,2377455,737.08,164290,620.81,2213165,745.71
2018-07-01,43238832,1414.73,21544465,1575.9,21694367,1254.6699999999998,2379664,737.85,166235,621.78,2213429,746.56
2018-08-01,43371292,1415.94,21606291,1577.07,21765001,1255.98,2384315,738.54,168418,622.53,2215897,747.35
2018-09-01,43446012,1417.22,21635862,1578.37,21810150,1257.36,2385893,739.45,170408,623.87,2215485,748.34
2018-10-01,43562805,1419.34,21689663,1580.52,21873142,1259.51,2390016,740.9,172671,625.81,2217345,749.86
2018-11-01,43668800,1420.1,21737846,1581.26,21930954,1260.37,2393433,741.46,174542,626.33,2218891,750.51
2018-12-01,43721450,1461.31,21760418,1626.92,21961032,1297.22,2391734,763.04,175776,645,2215958,772.41
2019-01-01,43887714,1463.97,21839342,1629.83,22048372,1299.6899999999998,2389905,764.09,177286,646.48,2212619,773.51
2019-02-01,44018977,1465.1899999999998,21903593,1630.98,22115384,1300.99,2393107,764.7,179484,647.61,2213623,774.19
2019-03-01,44132486,1467.1699999999998,21956772,1632.8799999999999,22175714,1303.1,2397155,765.86,182357,649.64,2214798,775.42
2019-04-01,44240007,1468.3899999999999,22006582,1634.02,22233425,1304.45,2401901,766.58,185176,650.46,2216725,776.28
2019-05-01,44355172,1469.52,22058463,1635.08,22296709,1305.73,2405428,767.1,187455,651.16,2217973,776.9
2019-06-01,44469687,1470.83,22108024,1636.33,22361663,1307.21,2407953,767.9,189906,652.99,2218047,777.73
2019-07-01,44583372,1472.1599999999999,22157393,1637.6499999999999,22425979,1308.6499999999999,2411503,768.74,192537,654.36,2218966,778.66
2019-08-01,44718415,1473.42,22219119,1638.8799999999999,22499296,1310.02,2417294,769.52,195360,655.84,2221934,779.52
2019-09-01,44801000,1474.77,22252487,1640.22,22548513,1311.49,2422146,770.4,198556,657.37,2223590,780.49
2019-10-01,44919631,1477.01,22306655,1642.51,22612976,1313.76,2426827,772.08,201161,659.86,2225666,782.23
2019-11-01,45006206,1477.97,22342702,1643.36,22663504,1314.92,2430631,772.78,203899,660.91,2226732,783.02
2019-12-01,45094245,1502.85,22385009,1670.85,22709236,1337.24,2430526,786.07,204550,673.25,2225976,796.44
2020-01-01,45282978,1505.5,22477275,1673.54,22805703,1339.8799999999999,2425778,786.51,205879,674.21,2219899,796.92
2020-02-01,45410378,1507.01,22536515,1675,22873863,1341.49,2422812,786.58,207132,674.29,2215680,797.08
2020-03-01,45541704,1509.22,22596698,1677.2,22945006,1343.79,2421670,786.8,208918,675.21,2212752,797.34
2020-04-01,45648693,1510.83,22644268,1678.81,23004425,1345.47,2415297,786.63,208967,674.86,2206330,797.21
2020-05-01,45732907,1512.6299999999999,22677567,1680.61,23055340,1347.41,2403993,786.43,208184,674.77,2195809,797.02
2020-06-01,45839683,1514.1299999999999,22722983,1682.04,23116700,1349.09,2394021,786.45,207014,675.01,2187007,797
2020-07-01,45934798,1515.75,22761174,1683.6599999999999,23173624,1350.82,2383765,786.47,206021,674.59,2177744,797.05
2020-08-01,46039914,1517.44,22802627,1685.36,23237287,1352.6599999999999,2372595,786.47,204759,674.1,2167836,797.08
2020-09-01,46094106,1519.07,22818805,1687.07,23275301,1354.37,2360693,786.46,203175,673.5,2157518,797.1
2020-10-01,46211309,1521.59,22868815,1689.66,23342494,1356.93,2350408,787.20,201831,673.91,2148577,797.84
2020-11-01,46296304,1522.70,22900681,1690.72,23395623,1358.24,2339772,786.85,200351,672.80,2139421,797.53
2020-12-01,46329595,1544.15,22904941,1714.33,23424654,1377.25,2324030,796.87,198150,680.79,2125880,807.69