date,new.ret.total.count,new.ret.total.benefit,new.ret.men.count,new.ret.men.benefit,new.ret.women.count,new.ret.women.benefit,new.spouse.total.count,new.spouse.total.benefit,new.spouse.men.count,new.spouse.men.benefit,new.spouse.women.count,new.spouse.women.benefit
1975-01-01,151615,202.94,94956,224.81,56659,166.26999999999998,25556,95.36,51,82.61,25505,95.39
1975-02-01,110555,195.32000000000002,66899,219.05,43656,158.95000000000002,29205,93.23,54,88.28,29151,93.24
1975-03-01,135611,194.87,81448,218.69,54163,159.05,32369,93,73,87.73,32296,93.02
1975-04-01,130311,194.05,77396,218.78,52915,157.88000000000002,31607,91.79,66,86.26,31541,91.8
1975-05-01,153002,194.14,90062,219.47,62940,157.91,39140,91.25,104,90.93,39036,91.25
1975-06-01,91705,214.97,56599,237.87,35106,178.05,20661,99.42,38,97.01,20623,99.42
1975-07-01,134181,216.94,80147,243.07,54034,178.19,31851,100.48,67,93.25,31784,100.5
1975-08-01,131737,213.72,78949,240.5,52788,173.67,30766,99.6,78,90.19,30688,99.63
1975-09-01,123870,212.23999999999998,73356,240.84,50514,170.7,29660,99.22,67,93.93,29593,99.23
1975-10-01,122103,213.43,72877,241.26999999999998,49226,172.2,27777,98.31,66,83.98,27711,98.34
1975-11-01,108924,212.15,63646,241.73,45278,170.56,25682,98.71,55,90.51,25627,98.73
1975-12-01,112092,212.07,65955,241.3,46137,170.28,26313,98.91,60,95.91,26253,98.92
1976-01-01,166080,224.85000000000002,103699,251.37,62381,180.78,35121,104.82,75,98.4,35046,104.83
1976-02-01,116165,215.75,69007,245.18,47158,172.69,27459,103.12,61,82.37,27398,103.17
1976-03-01,145759,216.26999999999998,86204,245.33,59555,174.2,36182,103.38,71,93.28,36111,103.4
1976-04-01,126794,215.8,74898,245.58,51896,172.82000000000002,29604,100.31,64,89.58,29540,100.34
1976-05-01,120211,217.35000000000002,70484,248.55,49727,173.12,30080,101.05,62,97.75,30018,101.06
1976-06-01,119806,236.37,73453,264.51,46353,191.78,27608,110.92,49,92.39,27559,110.96
1976-07-01,129551,235.70999999999998,76095,267.21999999999997,53456,190.86,29915,109.97,68,97.03,29847,110
1976-08-01,90716,232.79,52125,269.3,38591,183.47,21067,108.03,41,85.04,21026,108.08
1976-09-01,114797,232.31,67084,265.68,47713,185.39000000000001,27430,108.82,63,103.36,27367,108.83
1976-10-01,117563,232.33,68342,266.46999999999997,49221,184.92000000000002,28194,108.7,57,112.41,28137,108.69
1976-11-01,117288,233.23999999999998,68603,267,48685,185.66,27776,108.72,63,99.66,27713,108.75
1976-12-01,110855,232.75,64587,267.04,46268,184.87,26307,109.89,59,96.32,26248,109.92
1977-01-01,155023,244.86,94907,276.42999999999995,60116,195.01,32126,114.45,61,103.01,32065,114.47
1977-02-01,110902,236.48000000000002,66914,269.6,43988,186.09,25784,111.47,49,99.59,25735,111.49
1977-03-01,176729,238.79,104859,272.13,71870,190.15,40906,112.63,75,99.81,40831,112.66
1977-04-01,90282,237.63,53837,271.22999999999996,36445,187.99,19192,110.63,36,88.38,19156,110.68
1977-05-01,177424,238.93,104349,273.17,73075,190.05,45545,110.07,2900,96.82,42645,110.98
1977-06-01,86688,257.08,52119,293.31,34569,202.46,21592,116.71,2180,100.56,19412,118.53
1977-07-01,149372,254.81,86294,291.9,63078,204.06,40094,115.95,6126,100.2,33968,118.79
1977-08-01,142598,255.17,83334,292.69,59264,202.41,37832,115.51,5762,97.18,32070,118.8
1977-09-01,133955,255.05,78163,294.01,55792,200.48000000000002,34322,116.7,4023,95.66,30299,119.49
1977-10-01,128211,254.15,74473,292.95,53738,200.38000000000002,32438,116.2,3044,94.26,29394,118.47
1977-11-01,121064,254.44,70151,294.04,50913,199.89000000000001,30552,115.71,2681,93,27871,117.89
1977-12-01,121219,254.33,70357,293.96999999999997,50862,199.5,30491,116.24,2310,92.87,28181,118.15
1978-01-01,148810,268.51,91570,305.02,57240,210.1,32253,121.79,2129,91.61,30124,123.92
1978-02-01,120095,258.88,70899,298.63,49196,201.58,28609,119.5,2034,91.9,26575,121.61
1978-03-01,135612,262.16,79637,301.46,55975,206.25,30239,120.38,1839,90.66,28400,122.3
1978-04-01,124376,259.96999999999997,71824,300.98999999999995,52552,203.9,29683,120.67,1757,88.33,27926,122.7
1978-05-01,168447,260.77,96936,301.78,71511,205.18,42273,122.11,2122,88.4,40151,123.9
1978-06-01,55030,279.27,32975,317.25,22055,222.47,12672,124.37,496,96.59,12176,125.5
1978-07-01,152529,277.86,86348,322.84000000000003,66181,219.16,35815,131.17,1366,92.39,34449,132.71
1978-08-01,115752,277.34000000000003,65199,325.26,50553,215.55,27269,129.17,990,88.5,26279,130.7
1978-09-01,126240,280.6,71842,327.76,54398,218.31,29574,129.03,1045,90.17,28529,130.45
1978-10-01,115260,278.89,65877,326.02,49383,216.01,27427,129.99,986,91.95,26441,131.41
1978-11-01,102082,277.53,58090,325.13,43992,214.68,24208,129.54,881,90.81,23327,131
1978-12-01,115476,277.89,65546,325.42999999999995,49930,215.48000000000002,26800,129.17,911,89.51,25889,130.57
1979-01-01,153455,296.81,93385,339.46,60070,230.5,31197,137.68,831,89.11,30366,139
1979-02-01,116487,282.46,67906,329.03,48581,217.36,26377,133.13,810,90.63,25567,134.48
1979-03-01,148732,287.85,85891,334.85,62841,223.60999999999999,33267,133.23,971,92.07,32296,134.47
1979-04-01,150063,289.40999999999997,87013,336.31,63050,224.67,32847,133.66,935,91.67,31912,134.89
1979-05-01,168285,288.52,97590,335.04,70695,224.3,39569,132.82,1249,90.8,38320,134.19
1979-06-01,90122,313.62,52261,366.34000000000003,37861,240.84,19650,145.15,487,99.83,19163,146.3
1979-07-01,144024,317.92999999999995,82627,370.35,61397,247.38000000000002,32978,147.34,950,100.91,32028,148.72
1979-08-01,120878,314.91999999999996,69550,369.38,51328,241.13,27427,144.48,887,97.38,26540,146.06
1979-09-01,137152,320.19,81021,373.12,56131,243.78,30235,145.23,918,97.35,29317,146.73
1979-10-01,132099,318.18,77037,372.54,55062,242.12,29841,145.43,931,98.82,28910,146.93
1979-11-01,119883,317.94,69325,372.5,50558,243.14,27920,145.89,865,94.32,27055,147.54
1979-12-01,115923,314.46999999999997,66600,370.01,49323,239.48000000000002,26847,145.36,845,100.72,26002,146.81
1980-01-01,151106,323.54,91059,373.75,60047,247.4,29669,152.44,765,99.36,28904,153.85
1980-02-01,139347,329.82,84492,382.76,54855,248.28,29881,151.61,894,100.92,28987,153.17
1980-03-01,153877,321.08,90381,374.32,63496,245.3,33346,150.45,981,100.24,32365,151.97
1980-04-01,139441,315,80394,369.38,59047,240.97,31205,149.09,900,99.04,30305,150.57
1980-05-01,160608,316.48999999999995,93012,369.97999999999996,67596,242.89000000000001,36791,147.45,1271,101.23,35520,149.1
1980-06-01,102154,358.77,59901,418.2,42253,274.52,22809,168.62,515,106.22,22294,170.06
1980-07-01,134873,355.14000000000004,76741,416.9,58132,273.61,31135,167.67,907,111.61,30228,169.36
1980-08-01,144824,361.77,84550,425.71,60274,272.06,32369,168.75,893,109.17,31476,170.44
1980-09-01,137011,363.17,80354,425.88,56657,274.22999999999996,30778,168.62,835,111.76,29943,170.2
1980-10-01,132140,359.78999999999996,76622,423.48999999999995,55518,271.86,30903,167.11,863,108.62,30040,168.79
1980-11-01,108881,360.09,62766,424.52,46115,272.4,25547,167.16,813,113.74,24734,168.92
1980-12-01,115838,359.25,66501,424.28,49337,271.6,26260,167.94,773,108.56,25487,169.74
1981-01-01,182475,378.92999999999995,113502,436.65000000000003,68973,283.95,34305,177.66,907,108.9,33398,179.53
1981-02-01,124420,359.47999999999996,73656,419.3,50764,272.7,26509,169.82,817,109.82,25692,171.73
1981-03-01,148304,360.81,86181,422.28,62123,275.53,30898,171.35,891,110.4,30007,173.16
1981-04-01,131495,355.55,75908,417.64000000000004,55587,270.76,27854,170.22,767,106.96,27087,172.01
1981-05-01,165297,358.63,95237,420.21,70060,274.91999999999996,39365,169.34,1298,106.69,38067,171.48
1981-06-01,96314,394.6,57246,459.17,39068,299.97999999999996,19296,185.42,424,115.61,18872,186.99
1981-07-01,152876,400.04,88866,466.04,64010,308.40999999999997,32747,187.7,1039,119.62,31708,189.93
1981-08-01,136795,393.67,78141,464.75,58654,298.97999999999996,29477,186.25,909,117.94,28568,188.42
1981-09-01,95038,426.82,57795,489.88,37243,328.96,20272,186.24,794,125.38,19478,188.72
1981-10-01,112501,410.07,66779,476.13,45722,313.59,23054,188.28,736,116.21,22318,190.66
1981-11-01,136785,386.96,77603,458.78,59182,292.78999999999996,30526,189.93,744,118.91,29782,191.7
1981-12-01,117718,396.28,68911,465.42999999999995,48807,298.65000000000003,26793,191.63,688,127.91,26105,193.31
1982-01-01,196272,410.28,120967,469.7,75305,314.82,35844,198.04,838,120.54,35006,199.89
1982-02-01,131693,371.72999999999996,74510,447.37,57183,273.17,28267,191.01,727,122.89,27540,192.8
1982-03-01,139298,381.89,79132,455.28999999999996,60166,285.34000000000003,30286,192.2,958,121.75,29328,194.5
1982-04-01,142387,382.78999999999996,81990,453.64000000000004,60397,286.62,30745,190.64,1021,116.97,29724,193.17
1982-05-01,143534,385.58,83358,454.46,60176,290.16,31599,189.53,1199,125.47,30400,192.05
1982-06-01,80561,379.97999999999996,43955,458.15000000000003,36606,286.11,18837,201.69,453,118.32,18384,203.74
1982-07-01,137972,419.96,82995,486.46,54977,319.57,32741,187.92,1179,122.36,31562,190.37
1982-08-01,148620,413.5,86456,488.22999999999996,62164,309.57,32486,202.21,1034,122.5,31452,204.83
1982-09-01,133444,408.62,76951,484.21,56493,305.66,28905,204.77,840,128.63,28065,207.05
1982-10-01,131786,406.7,76433,481.78,55353,303.01,28567,203.73,973,125.01,27594,206.51
1982-11-01,121962,408.05,70520,484.14000000000004,51442,303.74,27283,203.91,929,124.01,26354,206.72
1982-12-01,117915,410.95,69096,486.84000000000003,48819,303.53,25968,204.29,932,127.8,25036,207.14
1983-01-01,193889,429.09,120262,494.89,73627,321.62,33926,214.99,997,126.66,32929,217.66
1983-02-01,124912,410.13,73299,484.6,51613,304.36,27051,212.47,885,128.18,26166,215.32
1983-03-01,140061,406.58,81715,479.76,58346,304.09,30200,206.71,1098,126.23,29102,209.75
1983-04-01,165938,407.31,97664,478.59,68274,305.34000000000003,34779,203.72,1210,131.89,33569,206.31
1983-05-01,140002,404.81,81218,476.32,58784,306,30925,203.53,1231,128.69,29694,206.63
1983-06-01,133389,406.86,77004,479.71,56385,307.36,28628,204.57,949,125.33,27679,207.28
1983-07-01,138259,404.75,79683,475.25,58576,308.85,29470,203.56,987,125.75,28483,206.26
1983-08-01,140901,407.76,81917,480.53,58984,306.7,30366,203.43,1088,127.22,29278,206.26
1983-09-01,134038,404.41999999999996,77640,477.72999999999996,56398,303.48999999999995,30505,200.34,984,126.1,29521,202.81
1983-10-01,131578,401.83,75926,475.59,55652,301.2,29865,199.91,1012,127.32,28853,202.45
1983-11-01,136144,398.26,77790,473.68,58354,297.71,31796,200.75,1187,126.54,30609,203.63
1983-12-01,90701,410.22999999999996,51611,491.78999999999996,39090,302.53,18859,206.79,533,122.6,18326,209.24
1984-01-01,186953,432.69,114447,501.16,72506,324.61,34502,212.64,1158,133.04,33344,215.41
1984-02-01,130790,415.76,76293,492.74,54497,307.98999999999995,28833,208.99,979,132.2,27854,211.69
1984-03-01,151374,417.12,87626,492.37,63748,313.69,32856,208.16,1301,132.41,31555,211.28
1984-04-01,138625,412.62,79965,487.31,58660,310.81,30601,207.16,1216,132.65,29385,210.24
1984-05-01,128705,412.7,74606,487.2,54099,309.96,28419,206.71,1168,133.81,27251,209.83
1984-06-01,134400,411.44,77548,485.45,56852,310.48999999999995,29469,206.58,1131,126.61,28338,209.77
1984-07-01,129097,414.56,74736,487.18,54361,314.71,27145,207.49,1005,126.12,26140,210.62
1984-08-01,118841,409.01,68148,485.61,50693,306.03,25303,208.45,832,119.97,24471,211.46
1984-09-01,136698,409.72999999999996,78580,485.88,58118,306.76,29997,205.31,1101,123.15,28896,208.44
1984-10-01,126206,409.57,72495,487.02,53711,305.03,27218,206.55,916,130.26,26302,209.21
1984-11-01,138852,408.87,79991,485.16,58861,305.2,30511,206.13,1194,126.06,29317,209.39
1984-12-01,91686,429.46,52702,511.25,38984,318.88,17834,212.54,517,128.89,17317,215.04
1985-01-01,196866,452.13,120796,523.47,76070,338.85,34828,219.31,1161,131.01,33667,222.36
1985-02-01,132364,431.5,77248,511.90999999999997,55116,318.81,28333,216.66,957,135.48,27376,219.5
1985-03-01,157043,431.54,91422,508.90999999999997,65621,323.76,32589,214.63,1297,133.09,31292,218.01
1985-04-01,150053,427.86,87247,505.74,62806,319.66,32294,215.32,1266,136.63,31028,218.53
1985-05-01,139229,427.62,81120,505.4,58109,319.04,31284,213.89,1175,131.62,30109,217.1
1985-06-01,135741,428.76,79096,506.08,56645,320.78999999999996,29814,212.68,1098,128.9,28716,215.88
1985-07-01,140585,435.01,82251,510.91999999999996,58334,327.96999999999997,29418,214.7,1070,132.57,28348,217.8
1985-08-01,140224,428.71,81719,506.96999999999997,58505,319.40999999999997,30211,213.42,1109,130.33,29102,216.58
1985-09-01,134566,426.51,77609,505.85,56957,318.4,28916,213.38,1061,128.24,27855,216.63
1985-10-01,127886,426.11,73983,506.7,53903,315.51,27189,215.09,1033,134.78,26156,218.26
1985-11-01,139363,425.90999999999997,80206,506.74,59157,316.31,31100,213.56,1343,132.06,29757,217.24
1985-12-01,96570,443.09,55407,530.03,41163,326.06,20582,219.39,685,128.24,19897,222.53
1986-01-01,196252,473.63,121068,549.03,75184,352.21,35856,226.88,1295,133.08,34561,230.39
1986-02-01,142638,451.45,83484,534.39,59154,334.39,29551,222.01,1070,135.85,28481,225.25
1986-03-01,158242,452.28,92300,535.47,65942,335.83,32668,223.03,1316,135.99,31352,226.68
1986-04-01,148795,450.02,86544,533.2800000000001,62251,334.27,31348,221.58,1160,135.93,30188,224.87
1986-05-01,147127,451.46,86229,533.9499999999999,60898,334.64000000000004,31099,221.64,1305,138.13,29794,225.3
1986-06-01,142200,450.24,82964,532.7,59236,334.74,29583,220.67,1171,133,28412,224.28
1986-07-01,142411,455.17,82826,537.59,59585,340.59,29336,224.05,1037,135.68,28299,227.29
1986-08-01,139943,449.66,81303,533.1700000000001,58640,333.88,29528,223.33,1108,135.07,28420,226.77
1986-09-01,143152,446.2,82692,531.6700000000001,60460,329.32,30466,221.82,1225,130.95,29241,225.63
1986-10-01,132738,447.98999999999995,76823,534.7,55915,328.86,27838,222.48,1048,135.56,26790,225.88
1986-11-01,141134,448.37,81893,534.4499999999999,59241,329.39,30034,223.38,1264,138.39,28770,227.11
1986-12-01,99616,456.92999999999995,57120,548.3499999999999,42496,334.04,20808,223.67,764,131.65,20044,227.18
1987-01-01,199378,486.89,121951,567.7,77427,359.61,35153,234.13,1287,140.26,33866,237.7
1987-02-01,137696,466.19,80452,554.99,57244,341.38,27458,229.88,921,139.85,26537,233.01
1987-03-01,150983,464.34000000000003,87626,552.08,63357,342.98999999999995,30437,228.22,1349,136.91,29088,232.46
1987-04-01,141995,459.84000000000003,81553,548.9499999999999,60442,339.59,29183,227.15,1153,140.22,28030,230.73
1987-05-01,140279,462.46,81813,549.5,58466,340.68,28910,228.14,1118,136.44,27792,231.82
1987-06-01,159470,462.66,92595,548.52,66875,343.77,33339,226.07,1356,131.16,31983,230.1
1987-07-01,140281,469.57,80973,557.6800000000001,59308,349.27,26129,232.66,775,134.45,25354,235.67
1987-08-01,123915,462.75,71578,550.49,52337,342.76,24863,229.78,997,139.44,23866,233.56
1987-09-01,129785,460.14000000000004,74430,550.03,55355,339.26,25862,230.23,1000,140.55,24862,233.84
1987-10-01,131455,461.48999999999995,75752,551.6800000000001,55703,338.83,26540,229.4,1067,145.25,25473,232.93
1987-11-01,131031,460.94,75648,550.3299999999999,55383,338.84000000000003,26264,229.49,1112,135.54,25152,233.65
1987-12-01,95448,484.01,54697,580,40751,355.16,19195,239.04,600,142.75,18595,242.15
1988-01-01,189685,514.03,115370,601.87,74315,377.67,31511,246.51,1162,145.56,30349,250.38
1988-02-01,140419,488.62,82014,582.51,58405,356.77,26127,241.74,898,146.07,25229,245.15
1988-03-01,138268,485.71999999999997,79904,578.71,58364,358.40999999999997,26826,240.53,1085,146.01,25741,244.51
1988-04-01,146474,482.82,84862,574.74,61612,356.21,29033,240.63,1206,147.83,27827,244.65
1988-05-01,134135,481.90999999999997,77614,573.8599999999999,56521,355.64000000000004,26488,239.56,1164,149.88,25324,243.68
1988-06-01,131476,484.19,75966,576.99,55510,357.21,25694,239.32,948,148.29,24746,242.8
1988-07-01,139041,490.62,80914,581.3399999999999,58127,364.34000000000003,26623,241.11,977,150.09,25646,244.58
1988-08-01,130640,483.88,75410,576.89,55230,356.88,25643,240.02,905,140.33,24738,243.67
1988-09-01,135359,480.15000000000003,77952,573.8299999999999,57407,352.96,26439,240.03,1004,142.83,25435,243.87
1988-10-01,139225,481.46999999999997,80007,575.97,59218,353.8,27194,240.86,1043,144.11,26151,244.72
1988-11-01,139657,482.51,80607,576.76,59050,353.86,27927,241.4,1179,146.88,26748,245.57
1988-12-01,89689,504.88,51168,607.02,38521,369.2,17424,249.91,553,147.31,16871,253.27
1989-01-01,185080,540.07,112757,633.02,72323,395.16,30410,260.91,1024,155.59,29386,264.58
1989-02-01,139072,517.4,81503,616.7700000000001,57569,376.71,24868,256.89,819,161.85,24049,260.13
1989-03-01,137997,515.2900000000001,80511,613.42,57486,377.87,25812,255.86,947,155,24865,259.7
1989-04-01,147405,512.43,85724,611.3599999999999,61681,374.94,28043,254.48,962,164.05,27081,257.7
1989-05-01,138045,509.5,79516,608.48,58529,375.03,26515,254.2,977,159.74,25538,257.81
1989-06-01,139865,511.21,81209,609.15,58656,375.61,27391,253.74,953,158.77,26438,257.17
1989-07-01,139155,519.2900000000001,80973,615.49,58182,385.40999999999997,26191,254.73,916,161.69,25275,258.1
1989-08-01,130657,513.4,75563,611.42,55094,378.96999999999997,24807,257.47,773,155.35,24034,260.75
1989-09-01,139562,509.68,80501,608.76,59061,374.63,27276,254.42,892,159.21,26384,257.64
1989-10-01,128271,511.21999999999997,73819,611.73,54452,374.96999999999997,24227,254.7,807,163.04,23420,257.86
1989-11-01,138091,514.7800000000001,80122,615.41,57969,375.7,27143,256.52,1022,162.97,26121,260.18
1989-12-01,93544,538.7,53695,647.5,39849,392.1,17815,267.08,466,167.75,17349,269.75
1990-01-01,186782,576.4499999999999,114146,675.8499999999999,72636,420.25,30009,278.25,965,171.92,29044,281.78
1990-02-01,137756,550.39,81028,655.66,56728,400.04,25579,271.9,873,172.86,24706,275.4
1990-03-01,173635,553.41,101815,657.71,71820,405.54,33223,269.83,1346,173.51,31877,273.9
1990-04-01,118857,538.43,68469,645.48,50388,392.96999999999997,22717,269.33,736,165.55,21981,272.81
1990-05-01,141149,544.9,82065,648.61,59084,400.85,26322,269.18,905,162.63,25417,272.97
1990-06-01,142728,547.56,83457,651.3,59271,401.46999999999997,26838,270.36,928,156.74,25910,274.43
1990-07-01,138287,554,80332,656.07,57955,412.51,25341,272.27,850,161.89,24491,276.1
1990-08-01,131644,544.71,76384,648.99,55260,400.55,24472,269.3,784,164.34,23688,272.77
1990-09-01,135907,541.91,78454,647.4399999999999,57453,397.82,25806,268.3,898,157.79,24908,272.28
1990-10-01,128306,544.7,74814,648.7700000000001,53492,399.15000000000003,24476,270.48,748,156.48,23728,274.08
1990-11-01,142776,547.37,83644,652.5,59132,398.66,27294,271.12,915,162.19,26379,274.9
1990-12-01,86927,559.3199999999999,49627,672.07,37300,409.3,16903,280.39,399,154.05,16504,283.45
1991-01-01,190513,611.05,117269,715.87,73244,443.22999999999996,30004,296.91,799,179.77,29205,300.12
1991-02-01,138509,586.04,82597,696.38,55912,423.03,24790,288.11,758,179.73,24032,291.53
1991-03-01,157955,585.31,93433,694.9399999999999,64522,426.55,28360,287.08,958,168.64,27402,291.23
1991-04-01,164212,573.9,95666,684.7800000000001,68546,419.15000000000003,30069,286.2,975,170.35,29094,290.09
1991-05-01,140623,577.08,82800,685.25,57823,422.19,25775,284.53,826,172.27,24949,288.25
1991-06-01,134779,575.08,79044,683.14,55735,421.83,25461,283.94,756,170.03,24705,287.43
1991-07-01,140073,587.08,82504,693.56,57569,434.47999999999996,25456,286.63,808,174.25,24648,290.32
1991-08-01,132929,575.81,77535,685.31,55394,422.55,24820,284.05,790,170.18,24030,287.79
1991-09-01,136744,577.7700000000001,80234,686.3299999999999,56510,423.64000000000004,26057,283.67,868,167.79,25189,287.66
1991-10-01,123179,576.99,72088,687.3,51091,421.34000000000003,22170,286.63,683,160.45,21487,290.65
1991-11-01,138649,582.47,81881,692.13,56768,424.3,25986,286.72,923,174.61,25063,290.85
1991-12-01,97181,592.7700000000001,56290,709.49,40891,432.09,18052,294.98,466,178.84,17586,298.06
1992-01-01,203608,637.03,123935,747.92,79673,464.54,30805,309,820,176.87,29985,312.62
1992-02-01,153679,613.22,90874,728.7900000000001,62805,446.01,26795,300.82,752,184.75,26043,304.17
1992-03-01,157501,609.9599999999999,92197,724.9499999999999,65304,447.63,28412,298.22,931,180.01,27481,302.22
1992-04-01,143752,600.8599999999999,84013,715.56,59739,439.55,26466,298.08,850,176.45,25616,302.11
1992-05-01,141176,601.26,82769,713.43,58407,442.31,26508,295.41,862,174.23,25646,299.48
1992-06-01,135729,601.9,79486,714.38,56243,442.92999999999995,25214,294.94,769,183.11,24445,298.46
1992-07-01,143393,611.7800000000001,84114,722.41,59279,454.78999999999996,25621,297.74,780,170.35,24841,301.74
1992-08-01,137222,601.25,79902,714.48,57320,443.4,25005,298.74,737,174.16,24268,302.53
1992-09-01,129401,600.3199999999999,75345,714.2,54056,441.58,23929,296.22,662,178.64,23267,299.56
1992-10-01,131903,600.63,77452,713.3299999999999,54451,440.32,24194,297.36,735,174.33,23459,301.22
1992-11-01,133767,600.7800000000001,78118,714.8299999999999,55649,440.69,24401,296.47,728,172.9,23673,300.26
1992-12-01,96818,620.66,56124,740.8599999999999,40694,454.89,17414,304.79,411,178.68,17003,307.84
1993-01-01,203411,662.3399999999999,123558,775.52,79853,487.22999999999996,30141,320.47,808,187.48,29333,324.13
1993-02-01,146453,634.64,86308,753.06,60145,464.7,24218,311.48,679,178.39,23539,315.32
1993-03-01,151840,631.57,88851,748.61,62989,466.46999999999997,26587,307.97,823,184.51,25764,311.91
1993-04-01,146513,622.8399999999999,85567,738.64,60946,460.26,26785,307.07,830,184.06,25955,311
1993-05-01,132910,621.65,77028,738.06,55882,461.19,24020,305.24,727,180.22,23293,309.14
1993-06-01,132628,622.01,77291,737.03,55337,461.36,23883,304.73,652,179.52,23231,308.24
1993-07-01,140354,630.71,81463,743.65,58891,474.47999999999996,24858,304.7,801,178.5,24057,308.91
1993-08-01,134051,622.74,77771,737.59,56280,464.02,24696,302.61,747,187.45,23949,306.2
1993-09-01,117407,618.37,67538,735.2900000000001,49869,460.02,20937,303.6,592,177.79,20345,307.27
1993-10-01,131182,626.16,76620,741.4599999999999,54562,464.24,23786,304.23,721,183.63,23065,308
1993-11-01,133314,625.05,77789,740.3499999999999,55525,463.52,24733,306.79,774,178.93,23959,310.92
1993-12-01,91218,645.91,52501,769.7700000000001,38717,477.94,16084,313.8,389,182.7,15695,317.05
1994-01-01,199338,681.21,120005,798.13,79333,504.35,28506,327.68,775,193.78,27731,331.42
1994-02-01,141172,653.31,82233,774.54,58939,484.17,23359,318.7,660,186.71,22699,322.54
1994-03-01,137462,647.14,79539,768.74,57923,480.17,23450,315.12,710,193.4,22740,318.92
1994-04-01,143881,644.03,83068,764.16,60813,479.94,25897,313.72,838,187.73,25059,317.93
1994-05-01,131161,642.52,75437,763.81,55724,478.32,22779,313.77,665,180.48,22114,317.78
1994-06-01,128744,643.8599999999999,73993,764.47,54751,480.87,22411,316.07,639,198.48,21772,319.53
1994-07-01,137201,654.11,78694,771.98,58507,495.57,22880,313.62,700,177.02,22180,317.93
1994-08-01,130783,647.4599999999999,75165,768.05,55618,484.47999999999996,23036,312.86,716,187.85,22320,316.87
1994-09-01,123741,643.2700000000001,70511,764.8199999999999,53230,482.25,21804,316.19,683,187.86,21121,320.34
1994-10-01,125030,644.03,71721,764.7900000000001,53309,481.56,21507,314.15,583,188.68,20924,317.65
1994-11-01,130253,643.69,74908,764.8,55345,479.78,22986,315.03,770,191.12,22216,319.32
1994-12-01,96581,665.6700000000001,55164,794.1700000000001,41417,494.51,16410,323.12,425,190.98,15985,326.63
1995-01-01,208890,711.8399999999999,124206,833.7800000000001,84684,532.98,28065,339.91,773,207.05,27292,343.67
1995-02-01,140996,672.5,81176,797.97,59820,502.25,22259,330.71,639,202.46,21620,334.5
1995-03-01,138908,668.7700000000001,79470,792.42,59438,503.46,22850,325.18,686,188.05,22164,329.42
1995-04-01,140593,662.5,80221,785.58,60372,498.96,23680,323.89,717,199.62,22963,327.77
1995-05-01,129279,661.26,73879,784.12,55400,497.40999999999997,21791,322.55,637,191.3,21154,326.5
1995-06-01,130074,664.47,74581,785.99,55493,501.14000000000004,21705,322.71,683,191.28,21022,326.98
1995-07-01,135908,675.52,77761,796.47,58147,513.7700000000001,21946,323.29,685,201.52,21261,327.21
1995-08-01,127967,662.81,73097,784.05,54870,501.31,21195,321.17,667,192.58,20528,325.34
1995-09-01,122787,660.03,69739,782.8499999999999,53048,498.56,20226,326.15,606,188.8,19620,330.39
1995-10-01,119999,655.4499999999999,68285,776.07,51714,496.18,20032,320.26,681,183.31,19351,325.08
1995-11-01,122836,667.15,70414,789.56,52422,502.72999999999996,20379,324.7,645,186.77,19734,329.21
1995-12-01,90937,688.37,51816,817.98,39121,516.71,14612,333.84,376,202.92,14236,337.3
1996-01-01,190402,731.1800000000001,113059,855.04,77343,550.13,24331,351,688,209.92,23643,355.1
1996-02-01,135099,694.8499999999999,77293,823.48,57806,522.8599999999999,20107,340.51,615,200.99,19492,344.92
1996-03-01,143203,693.4599999999999,81775,821.66,61428,522.8,22994,336.73,702,211.17,22292,340.69
1996-04-01,132544,683.58,75454,809.3,57090,517.41,21554,332.71,799,205.88,20755,337.59
1996-05-01,123377,684.66,70469,811.3499999999999,52908,515.92,19536,333.41,640,204.46,18896,337.78
1996-06-01,129426,687.09,73820,812.6800000000001,55606,520.3599999999999,20835,333.6,644,202.47,20191,337.78
1996-07-01,128248,698.74,72380,823.9,55868,536.6,19730,336.35,570,204.76,19160,340.26
1996-08-01,126181,687.63,71456,813.56,54725,523.19,20245,334.75,612,210.77,19633,338.61
1996-09-01,125785,682.3499999999999,70754,810.38,55031,517.74,19992,334.83,601,205.32,19391,338.84
1996-10-01,120634,684.65,68255,813.69,52379,516.5,19086,336.6,549,201.56,18537,340.6
1996-11-01,134912,683.07,76609,810.4599999999999,58303,515.69,21864,331.64,747,199.23,21117,336.33
1996-12-01,91641,708.7,51398,846.03,40243,533.3,13740,346.64,322,205.1,13418,350.04
1997-01-01,194346,751.9599999999999,112790,881.25,81556,573.1700000000001,26924,341.58,710,210.04,26214,345.14
1997-02-01,140628,721.61,79696,855.07,60932,547.06,24524,319.02,641,210.5,23883,321.93
1997-03-01,146602,722.98,83467,854.58,63135,549,26528,314.02,773,204.5,25755,317.31
1997-04-01,132910,713.1700000000001,74693,846.03,58217,542.71,23945,320.41,752,215.48,23193,323.81
1997-05-01,126477,716.05,71786,848.16,54691,542.65,22478,318.02,675,205.3,21803,321.51
1997-06-01,127528,719.52,71998,852.06,55530,547.6700000000001,22109,320.31,609,202.82,21500,323.64
1997-07-01,147968,731.1700000000001,70329,855.4399999999999,77639,618.6,20694,325.21,578,206.77,20116,328.62
1997-08-01,191013,725.64,71614,847.38,119399,652.62,21567,323.96,607,211.55,20960,327.22
1997-09-01,150508,712.3599999999999,68653,844.47,81855,601.56,21247,319.8,610,205.39,20637,323.19
1997-10-01,133542,713.05,68499,848.8399999999999,65043,570.05,20933,325.32,605,210.33,20328,328.74
1997-11-01,136153,714.61,73207,847.73,62946,559.7900000000001,23369,321.11,807,200.28,22562,325.43
1997-12-01,90948,734.53,49524,876.87,41424,564.3599999999999,13694,342.92,376,211.03,13318,346.64
1998-01-01,203655,775.9399999999999,113306,911.8299999999999,90349,605.52,25913,343.86,675,221.77,25238,347.13
1998-02-01,146487,744.6800000000001,78811,883.87,67676,582.58,23626,321.37,680,215.24,22946,324.52
1998-03-01,150669,738.9499999999999,81877,878.02,68792,573.43,25961,317.35,819,199.16,25142,321.2
1998-04-01,134694,734.26,74306,871.93,60388,564.87,22882,325.52,691,213.14,22191,329.02
1998-05-01,130364,736.76,72499,873.39,57865,565.59,22640,321.61,673,207.15,21967,325.12
1998-06-01,125109,741.97,69693,878.4599999999999,55416,570.3199999999999,21180,324.17,642,211.98,20538,327.67
1998-07-01,132566,748.88,72838,884.3,59728,583.74,21313,330.16,649,213.47,20664,333.82
1998-08-01,132376,738.4399999999999,73021,876.37,59355,568.75,22177,324.76,702,209.9,21475,328.51
1998-09-01,121830,737.7,67348,875.93,54482,566.8299999999999,20493,327.5,601,213.58,19892,330.94
1998-10-01,120854,737.49,66304,877.2800000000001,54550,567.59,19953,332.42,592,214.44,19361,336.03
1998-11-01,136815,738.99,73460,875.25,63355,581,23149,327.2,703,210.29,22446,330.87
1998-12-01,96092,754.23,51928,898.41,44164,584.71,14381,343.96,379,207.95,14002,347.64
1999-01-01,207172,806.2900000000001,116857,944.7,90315,627.2,26198,347.62,689,217.22,25509,351.14
1999-02-01,145795,776.4399999999999,80092,921.24,65703,599.93,23839,324.73,670,220.26,23169,327.75
1999-03-01,146524,771.53,80833,915.3,65691,594.62,24811,319.88,756,212.94,24055,323.24
1999-04-01,143760,768.41,79896,909.76,63864,591.57,24504,325.08,803,211.79,23701,328.92
1999-05-01,133699,768.19,74681,909.21,59018,589.73,22559,326.8,694,216.3,21865,330.3
1999-06-01,129886,772.6700000000001,72540,913.9599999999999,57346,593.9599999999999,21379,328.79,666,206.8,20713,332.71
1999-07-01,133683,788.5,74273,926.3199999999999,59410,616.21,22148,332.01,659,228.98,21489,335.17
1999-08-01,144414,769.4499999999999,79413,912.04,65001,595.24,24386,328.08,796,210.55,23590,332.05
1999-09-01,130676,774.08,72443,917.56,58233,595.6,22152,335.02,696,217.11,21456,338.85
1999-10-01,132382,774.1800000000001,74239,916.88,58143,591.99,22746,330.33,761,220.59,21985,334.13
1999-11-01,135023,764.03,76076,901.53,58947,586.57,23597,327.69,791,207.46,22806,331.86
1999-12-01,107010,791.1800000000001,59674,934.3199999999999,47336,610.74,17249,343.4,507,226.85,16742,346.93
2000-01-01,228078,845.59,129701,987.72,98377,658.21,30612,344.03,900,212.79,29712,348.01
2000-02-01,154291,805.75,85726,949.9399999999999,68565,625.47,25793,322.23,813,215.33,24980,325.71
2000-03-01,153632,802.93,85854,948.11,67778,619.03,26875,323.41,902,214.28,25973,327.2
2000-04-01,168790,841.3199999999999,97750,992.3599999999999,71040,633.51,28896,327.16,875,206.84,28021,330.92
2000-05-01,194826,913.01,117798,1068.77,77028,674.8199999999999,35737,337.08,939,216.04,34798,340.35
2000-06-01,178548,879.8199999999999,104335,1034.6299999999999,74213,662.1800000000001,33393,339.49,943,224.05,32450,342.84
2000-07-01,173154,860.7700000000001,98832,1009.74,74322,662.66,30769,336.29,1033,220.46,29736,340.31
2000-08-01,158065,832.08,89331,980.31,68734,639.42,28585,333.13,889,220.9,27696,336.73
2000-09-01,148838,820.08,83656,968.3599999999999,65182,629.76,26964,334.02,919,216.1,26045,338.18
2000-10-01,142497,815.7800000000001,80655,961.03,61842,626.3399999999999,25766,333.62,902,211.52,24864,338.05
2000-11-01,137720,805.08,77256,947.7900000000001,60464,622.73,25393,334.68,911,222.2,24482,338.87
2000-12-01,122210,842.8399999999999,66642,996.52,55568,658.53,22720,330.72,704,223.8,22016,334.14
2001-01-01,227392,895.8399999999999,129589,1046.48,97803,696.25,35341,318.88,1022,223.87,34319,321.71
2001-02-01,158279,852.31,88132,1004.71,70147,660.8299999999999,29956,317.5,929,227.82,29027,320.37
2001-03-01,156296,845.8299999999999,85822,994.19,70474,665.15,28408,327.01,1066,232.12,27342,330.71
2001-04-01,155459,841.22,83090,992.58,72369,667.43,26848,334.3,1000,226.88,25848,338.45
2001-05-01,135173,841.4,74125,993.38,61048,656.88,23980,335.84,877,234.21,23103,339.7
2001-06-01,153025,845.3299999999999,84000,995.8399999999999,69025,662.1800000000001,27839,333.04,1006,233.65,26833,336.76
2001-07-01,128952,866.7,70423,1020.3299999999999,58529,681.8599999999999,20747,341.43,806,232.62,19941,345.83
2001-08-01,137978,850.4599999999999,75463,1007.52,62515,660.87,24303,340.25,826,236.99,23477,343.89
2001-09-01,138333,852.8,76308,1011.02,62025,658.15,24843,337.25,848,235.05,23995,340.86
2001-10-01,134267,853.72,75051,1008.52,59216,657.53,24674,336.96,868,225.55,23806,341.03
2001-11-01,135044,846.55,75348,996.97,59696,656.6800000000001,26031,335.77,1027,228.1,25004,340.19
2001-12-01,119030,881.12,65962,1039.1299999999999,53068,684.71,21577,346.57,772,234.35,20805,350.74
2002-01-01,222235,948.4499999999999,126279,1105.28,95956,742.05,31866,340.74,1107,238.7,30759,344.41
2002-02-01,158051,897.37,87341,1058.1399999999999,70710,698.7800000000001,29345,326.43,1075,236.29,28270,329.85
2002-03-01,163876,889.5,91083,1045.42,72793,694.4,30253,333.85,1208,240.48,29045,337.74
2002-04-01,153054,884.52,84872,1040.6599999999999,68182,690.16,28108,338.47,1165,238.44,26943,342.8
2002-05-01,141184,888.39,78372,1048.1599999999999,62812,689.04,25780,339.93,1049,229.31,24731,344.62
2002-06-01,143327,892.25,79098,1051.73,64229,695.8599999999999,25676,343.75,1029,227.19,24647,348.61
2002-07-01,147559,904.6,79747,1064.47,67812,716.59,25111,343.96,1040,241.08,24071,348.4
2002-08-01,145888,898,79851,1061.02,66037,700.88,26137,344.69,1029,234.5,25108,349.2
2002-09-01,145230,893.3299999999999,79292,1060.46,65938,692.3499999999999,26400,342.54,994,224.27,25406,347.17
2002-10-01,136400,896.6700000000001,75402,1059.58,60998,695.3,24524,348.61,918,226.51,23606,353.36
2002-11-01,143662,892.97,79666,1055.44,63996,690.72,28109,342.84,1170,232.07,26939,347.65
2002-12-01,113625,927.23,61385,1097.6399999999999,52240,726.99,18618,359.96,657,247.63,17961,364.07
2003-01-01,200612,971.4,108727,1136.6699999999998,91885,775.8299999999999,28437,350.76,1037,247.98,27400,354.65
2003-02-01,133848,903.69,70457,1069.55,63391,719.3499999999999,25719,336.62,989,252.37,24730,339.99
2003-03-01,157987,914.62,85477,1078.1399999999999,72510,721.8499999999999,28155,337.41,1164,240.78,26991,341.58
2003-04-01,152276,906.21,82717,1069.37,69559,712.1800000000001,26794,341.68,1072,228.85,25722,346.39
2003-05-01,145401,909,79457,1073.76,65944,710.48,25163,342.1,1022,254.24,24141,345.82
2003-06-01,147891,912.52,78867,1075.78,69024,725.99,25410,343.77,1055,234.01,24355,348.53
2003-07-01,148522,923.6700000000001,79792,1090.21,68730,730.3299999999999,24334,348.43,959,244.35,23375,352.7
2003-08-01,151122,912.41,81675,1081.4,69447,713.66,25909,347.2,1045,245.87,24864,351.46
2003-09-01,148281,915.08,80463,1085.04,67818,713.42,25999,347.59,1000,230.37,24999,352.28
2003-10-01,140169,920.8299999999999,77189,1089.6,62980,713.97,24716,351.49,1003,242.58,23713,356.1
2003-11-01,148364,916.37,81469,1084.23,66895,711.9399999999999,27277,346.94,1165,236.63,26112,351.86
2003-12-01,118265,963.8,64088,1142.31,54177,752.65,19649,365.91,740,242.55,18909,370.74
2004-01-01,247108,1021.43,136386,1192.59,110722,810.61,34070,357.66,1306,249.31,32764,361.98
2004-02-01,167974,945.2900000000001,90636,1113.48,77338,748.1700000000001,29286,342.64,1105,253.21,28181,346.15
2004-03-01,137588,904.31,72839,1065.21,64749,723.31,25917,341.28,1193,247.14,24724,345.83
2004-04-01,132435,892.63,68661,1056.56,63774,716.14,25095,343.26,1154,255.1,23941,347.51
2004-05-01,151245,921.6800000000001,81023,1088.58,70222,729.11,26572,342.44,1179,240.68,25393,347.16
2004-06-01,154640,925.6700000000001,82919,1093.01,71721,732.21,27218,342.93,1160,238.8,26058,347.56
2004-07-01,142269,942.91,76235,1111.52,66034,748.24,20854,366.61,871,283.5,19983,370.23
2004-08-01,154636,920.8199999999999,83209,1089.6399999999999,71427,724.16,27857,354.87,1161,255.05,26696,359.21
2004-09-01,142439,926.01,76517,1099.42,65922,724.72,25399,355.12,1062,253.86,24337,359.53
2004-10-01,149828,923.64,80807,1095.2,69021,722.7800000000001,28309,351.36,1142,249.03,27167,355.66
2004-11-01,166753,912.64,90310,1076.36,76443,719.22,30604,351.1,1294,257.61,29310,355.23
2004-12-01,139535,961.12,72612,1135.92,66923,771.4499999999999,21088,372.48,771,259.88,20317,376.75
2005-01-01,306063,1049.8799999999999,165793,1222.4,140270,845.97,41539,357.76,1538,254.71,40001,361.72
2005-02-01,186977,962.11,100166,1131.98,86811,766.11,32437,350.16,1189,258,31248,353.67
2005-03-01,174147,949.48,93700,1115.72,80447,755.8499999999999,30634,349.49,1233,251.51,29401,353.59
2005-04-01,173703,940.74,93017,1107.5,80686,748.5,29655,353.37,1317,253.78,28338,358
2005-05-01,132321,901.06,69884,1061.3799999999999,62437,721.62,25959,346.33,1187,243.75,24772,351.25
2005-06-01,122047,900.8599999999999,63237,1061.45,58810,728.1800000000001,23112,348.67,1024,252.89,22088,353.11
2005-07-01,159545,952.63,84090,1119.44,75455,766.74,26049,355.1,1143,245.49,24906,360.13
2005-08-01,158677,945.9,82375,1117.11,76302,761.06,26371,360.05,1104,253.52,25267,364.71
2005-09-01,150003,952.8599999999999,79186,1130.86,70817,753.8299999999999,24443,366.82,1001,259.41,23442,371.41
2005-10-01,150607,954.02,80769,1128.1799999999998,69838,752.6,25203,360.2,1047,262.31,24156,364.44
2005-11-01,153883,950.47,83073,1120.11,70810,751.4499999999999,26642,364.25,1149,244.35,25493,369.66
2005-12-01,134725,1011.6,68007,1189.8,66718,829.97,20271,380.88,957,267.14,19314,386.52
2006-01-01,316433,1122.53,170486,1303.83,145947,910.76,41997,380.92,1891,278.97,40106,385.72
2006-02-01,185647,1030.49,98927,1211.07,86720,824.49,31974,369.65,1560,269.3,30414,374.8
2006-03-01,174143,1013.01,92616,1191.46,81527,810.2900000000001,30536,370.92,1441,269.71,29095,375.93
2006-04-01,169490,1005.02,91427,1178.73,78063,801.56,30165,372.68,1551,277.19,28614,377.85
2006-05-01,152945,997.1700000000001,82486,1169.54,70459,795.37,28129,376.42,1432,276.4,26697,381.79
2006-06-01,156458,1005.4499999999999,83906,1181.05,72552,802.37,27985,375.48,1461,271.98,26524,381.18
2006-07-01,134512,981.3199999999999,68460,1140.6599999999999,66052,816.1800000000001,24070,373.91,1194,278.14,22876,378.9
2006-08-01,125283,949.14,64439,1111.09,60844,777.61,24060,363.61,1159,264.87,22901,368.61
2006-09-01,151025,996.8599999999999,79889,1174.73,71136,797.12,25469,375.33,1241,266.53,24228,380.91
2006-10-01,150897,1000.76,79196,1176.1899999999998,71701,806.99,25368,374.72,1178,266.61,24190,379.98
2006-11-01,161517,1002.15,83083,1170.31,78434,824.01,26247,373.01,1274,265.01,24973,378.52
2006-12-01,125062,1045.85,65783,1232.4,59279,838.8299999999999,16963,400.46,707,285.9,16256,405.44
2007-01-01,320429,1182.81,174824,1368.54,145605,959.8199999999999,37756,381,1478,276.63,36278,385.25
2007-02-01,183319,1077.07,98661,1259.36,84658,864.62,29141,374.42,1181,292.82,27960,377.87
2007-03-01,177307,1061.3799999999999,94723,1239.1,82584,857.54,28816,367.94,1296,274.88,27520,372.32
2007-04-01,172014,1050.1299999999999,92372,1227.49,79642,844.41,27561,374.87,1261,274.73,26300,379.67
2007-05-01,155679,1047.08,83776,1224.4,71903,840.49,25065,372.06,1212,268.22,23853,377.34
2007-06-01,168804,1053.1399999999999,85991,1228.84,82813,870.69,26359,380.94,1243,277.53,25116,386.06
2007-07-01,171242,1063.94,87759,1242.1499999999999,83483,876.6,26304,386.63,1241,288.17,25063,391.5
2007-08-01,158476,1052.47,82944,1238.44,75532,848.24,24650,397.08,1140,282.66,23510,402.63
2007-09-01,126319,993.76,64647,1161.98,61672,817.42,23001,380.79,1107,274.79,21894,386.15
2007-10-01,117817,974.89,59936,1142.08,57881,801.76,21294,381.11,1074,273.72,20220,386.81
2007-11-01,161647,1035,83598,1217.83,78049,839.1700000000001,25837,385,1177,281.39,24660,389.95
2007-12-01,137495,1077.55,72387,1266.33,65108,867.66,21301,402.16,932,300.79,20369,406.8
2008-01-01,337888,1211.52,182622,1401.04,155266,988.6,42715,396.27,1687,296.95,41028,400.36
2008-02-01,196971,1104.52,104638,1291.42,92333,892.71,33361,386.49,1489,284.67,31872,391.25
2008-03-01,194494,1080.95,102860,1262.83,91634,876.7900000000001,31829,392.78,1591,288.47,30238,398.26
2008-04-01,176292,1083.1299999999999,94197,1266.1599999999999,82095,873.12,28873,393.33,1433,303.05,27440,398.04
2008-05-01,170169,1082.6,90616,1267.05,79553,872.51,26921,396.34,1313,290.81,25608,401.75
2008-06-01,184105,1111.31,95852,1292.49,88253,914.52,26883,399.8,1301,288.81,25582,405.44
2008-07-01,181825,1124.24,94714,1306.6799999999998,87111,925.88,26290,402.81,1319,299.38,24971,408.27
2008-08-01,187179,1109.01,98809,1293.1899999999998,88370,903.07,27921,405.45,1366,305.88,26555,410.57
2008-09-01,183102,1102.76,96618,1286.96,86484,896.99,27345,403.3,1374,309.4,25971,408.27
2008-10-01,187710,1104.1799999999998,99550,1286.93,88160,897.8199999999999,27747,408.72,1370,317.55,26377,413.46
2008-11-01,159562,1024.03,82383,1192.92,77179,843.75,26483,390.86,1406,281.45,25077,396.99
2008-12-01,129542,1083.34,61790,1256.1599999999999,67752,925.74,18025,409.88,969,309.51,17056,415.58
2009-01-01,403215,1275.3799999999999,214424,1468.3,188791,1056.26,47144,414.73,1965,316.15,45179,419.01
2009-02-01,239417,1174.29,127819,1361.29,111598,960.11,35371,410.21,1526,317.83,33845,414.37
2009-03-01,239903,1162.6,128100,1346.9,111803,951.4399999999999,35702,413.54,1774,322.55,33928,418.3
2009-04-01,216688,1154.96,115786,1340.1899999999998,100902,942.41,30888,418.1,1497,313.45,29391,423.43
2009-05-01,210909,1157.22,112896,1340.04,98013,946.63,30770,418.98,1572,327.16,29198,423.93
2009-06-01,218924,1169.84,112404,1351.41,106520,978.24,28618,419.61,1590,317.39,27028,425.62
2009-07-01,221294,1178.6299999999999,115889,1361.27,105405,977.8299999999999,28912,425.71,1515,324.49,27397,431.31
2009-08-01,219597,1167.97,117121,1352.1299999999999,102476,957.49,30232,423.11,1564,318.97,28668,428.79
2009-09-01,201989,1166.1299999999999,107014,1352.58,94975,956.05,28121,427.53,1556,346.81,26565,432.26
2009-10-01,198766,1162.3799999999999,106135,1341.41,92631,957.24,28149,432.99,1607,352.7,26542,437.85
2009-11-01,189812,1154.77,101403,1333.7,88409,949.54,27017,434.9,1647,337.22,25370,441.24
2009-12-01,180403,1168.6,93849,1339.93,86554,982.8399999999999,24580,431.46,1511,340.67,23069,437.41
2010-01-01,372743,1266.28,199108,1450.96,173635,1054.5,44673,422.58,2259,345.22,42414,426.7
2010-02-01,221820,1186.36,118315,1366.42,103505,980.54,32605,417.14,1700,356.23,30905,420.49
2010-03-01,218725,1171.49,116258,1348.57,102467,970.56,31933,426.17,1818,356.07,30115,430.4
2010-04-01,208191,1167.6899999999998,110236,1347.8,97955,965,29356,426.26,1757,341.51,27599,431.65
2010-05-01,198445,1169.6299999999999,105686,1346.3799999999999,92759,968.24,28010,432.35,1712,357.83,26298,437.2
2010-06-01,207671,1189.48,106138,1360.84,101533,1010.3399999999999,27318,434.84,1728,347.55,25590,440.73
2010-07-01,217174,1208.53,111663,1383.83,105511,1023.02,27948,438.02,1880,369.81,26068,442.94
2010-08-01,215496,1182.56,112905,1361.8899999999999,102591,985.21,29649,439.89,1919,374.51,27730,444.42
2010-09-01,198777,1181.96,103934,1362.02,94843,984.64,26107,441.55,1586,374.72,24521,445.87
2010-10-01,201338,1176.28,105914,1352.6799999999998,95424,980.48,27393,443.3,1835,366.35,25558,448.83
2010-11-01,198882,1166.6399999999999,105557,1337.46,93325,973.43,27955,444.7,1860,359.04,26095,450.81
2010-12-01,176068,1189.77,91269,1357.36,84799,1009.39,22404,453.35,1402,381.73,21002,458.14
2011-01-01,369443,1272.95,194603,1453.58,174840,1071.9,43821,432.6,2606,360.36,41215,437.17
2011-02-01,218828,1185.28,115516,1360.33,103312,989.55,31352,433.63,1880,372.46,29472,437.53
2011-03-01,213152,1180.85,112390,1353.2,100762,988.61,30662,435.81,2065,367.36,28597,440.75
2011-04-01,208159,1173.6,109196,1348.51,98963,980.6,29138,440.57,2005,355.77,27133,446.83
2011-05-01,196140,1182.25,103633,1353.87,92507,989.99,27385,443.94,1898,372.25,25487,449.28
2011-06-01,203885,1196.1699999999998,102601,1362.44,101284,1027.74,25524,446.04,1797,375.49,23727,451.39
2011-07-01,216758,1204.72,109711,1376.6799999999998,107047,1028.48,27890,451.08,1976,367.83,25914,457.43
2011-08-01,210561,1187.95,108471,1363.6,102090,1001.3299999999999,28589,457.84,1918,379.84,26671,463.45
2011-09-01,198391,1187.99,102307,1365.2,96084,999.31,26818,456.23,1781,377.44,25037,461.84
2011-10-01,197637,1182.3899999999999,102801,1355.6899999999998,94836,994.53,28012,458.12,2047,379.65,25965,464.31
2011-11-01,192873,1165.26,100773,1331.49,92100,983.37,27564,455.56,1976,381.83,25588,461.26
2011-12-01,172240,1231.96,88678,1407.8899999999999,83562,1045.26,22279,485.09,1559,417.09,20720,490.2
2012-01-01,363402,1326.1699999999998,188031,1511.84,175371,1127.11,42227,455.54,2838,380.43,39389,460.95
2012-02-01,220952,1236.78,114863,1417.46,106089,1041.1599999999999,31568,458.46,2156,391.54,29412,463.36
2012-03-01,213375,1233.6699999999998,111410,1412.22,101965,1038.58,31050,470.28,2325,399.32,28725,476.03
2012-04-01,207998,1232,108283,1412.84,99715,1035.6299999999999,29556,476.93,2270,418.41,27286,481.8
2012-05-01,194571,1243.6499999999999,101732,1425.06,92839,1044.87,26975,484.99,2146,427.37,24829,489.97
2012-06-01,219157,1253.1699999999998,110130,1428.6699999999998,109027,1075.91,28865,480.39,2237,421.98,26628,485.29
2012-07-01,230845,1267.84,117637,1450.1499999999999,113208,1078.4,30265,492.85,2282,423.25,27983,498.52
2012-08-01,219631,1264.05,113749,1448.12,105882,1066.3,28872,499.21,2292,448.01,26580,503.62
2012-09-01,228014,1270.1699999999998,118467,1455.81,109547,1069.41,31550,503.75,2473,456.79,29077,507.75
2012-10-01,217116,1271.6299999999999,113881,1455.79,103235,1068.49,28871,519.43,2298,455.04,26573,524.99
2012-11-01,207373,1267.52,108644,1450.05,98729,1066.6499999999999,28596,517.48,2341,466.61,26255,522.02
2012-12-01,221676,1309.58,116669,1489.56,105007,1109.6,31557,529.94,2673,483.11,28884,534.27
2013-01-01,397293,1380.96,209582,1566.48,187711,1173.83,45436,496.34,3279,451.16,42157,499.85
2013-02-01,239112,1302.6699999999998,125499,1484.1699999999998,113613,1102.1799999999998,34229,506.57,2718,455.25,31511,510.99
2013-03-01,235148,1299.28,123599,1481.48,111549,1097.3799999999999,35033,514.61,2866,464.59,32167,519.07
2013-04-01,228792,1289.42,119688,1472.1699999999998,109104,1088.95,33487,524.21,2798,476.17,30689,528.59
2013-05-01,213303,1295.83,111027,1474.93,102276,1101.41,30495,530.42,2755,469.57,27740,536.46
2013-06-01,234515,1308.1799999999998,115788,1479.26,118727,1141.34,31205,531.78,2776,487.62,28429,536.09
2013-07-01,229149,1314.04,116227,1494.57,112922,1128.22,30926,536.91,2773,483.62,28153,542.16
2013-08-01,220540,1300.3799999999999,113456,1482.59,107084,1107.33,31084,539.16,2722,492.2,28362,543.66
2013-09-01,217792,1299.57,112362,1483.05,105430,1104.02,31055,544.51,2692,491.7,28363,549.52
2013-10-01,195661,1294.33,101020,1477.06,94641,1099.28,27504,543.21,2486,491.44,25018,548.36
2013-11-01,204368,1282.3899999999999,106539,1457.8,97829,1091.36,30358,552.41,3042,522.27,27316,555.77
2013-12-01,188826,1320.58,97903,1496.76,90923,1130.87,26974,564.16,2554,525.06,24420,568.25
2014-01-01,354237,1405.55,184804,1587.5,169433,1207.09,26095,672.28,2978,583.2,23117,683.76
2014-02-01,228474,1333.98,119848,1513.21,108626,1136.23,21353,687.64,2580,572.97,18773,703.4
2014-03-01,234620,1323.91,122602,1506.24,112018,1124.35,23710,686.81,2918,584.98,20792,701.11
2014-04-01,235658,1312.6599999999999,122677,1493.26,112981,1116.57,24846,684.51,3047,580.91,21799,698.99
2014-05-01,215145,1321.1299999999999,111703,1499.1399999999999,103442,1128.92,21997,695.46,2710,596.28,19287,709.4
2014-06-01,223201,1325.98,113096,1497.44,110105,1149.87,22422,690.44,2781,588.24,19641,704.91
2014-07-01,227843,1338.1599999999999,115542,1511.73,112301,1159.58,21586,708.53,2607,623.37,18979,720.23
2014-08-01,226388,1329.72,116544,1507.21,109844,1141.4,22761,705.59,2778,613.22,19983,718.43
2014-09-01,231673,1323.1299999999999,119095,1503.8899999999999,112578,1131.91,24529,706.65,2984,612.44,21545,719.7
2014-10-01,211727,1322.24,109744,1504.27,101983,1126.36,23295,708,2817,608.92,20478,721.63
2014-11-01,195336,1320,100805,1500.54,94531,1127.47,20376,721.85,2435,613.41,17941,736.57
2014-12-01,196920,1367.58,101201,1554.1299999999999,95719,1170.35,20542,726.07,2481,623.55,18061,740.15
2015-01-01,363494,1429.7,188115,1613.52,175379,1232.54,27717,711.9,3369,618.98,24348,724.76
2015-02-01,232278,1363.53,120364,1548.9,111914,1164.1699999999998,21756,732.42,2605,638.06,19151,745.25
2015-03-01,237913,1365.92,124461,1551.6799999999998,113452,1162.1299999999999,25653,742.46,3286,650.26,22367,756.01
2015-04-01,239895,1357.3899999999999,126107,1541.41,113788,1153.45,27045,741.37,3638,641.7,23407,756.86
2015-05-01,222543,1361.04,116674,1540.32,105869,1163.46,25677,744.13,3446,638.06,22231,760.57
2015-06-01,228513,1365.5,116214,1542.1699999999998,112299,1182.6699999999998,24828,748.49,3313,657.08,21515,762.56
2015-07-01,238543,1374.83,122213,1554.42,116330,1186.1599999999999,26363,757.87,3566,662.51,22797,772.79
2015-08-01,240394,1361.91,124521,1544.5,115873,1165.7,27602,762.21,3824,661.68,23778,778.37
2015-09-01,222483,1358.41,115889,1540.03,106594,1160.95,25414,759,3417,650.44,21997,775.87
2015-10-01,218274,1356.72,114114,1538.75,104160,1157.3,26587,759.23,3619,655.1,22968,775.64
2015-11-01,200220,1363.23,104712,1547.03,95508,1161.71,23690,773.94,3310,659.07,20380,792.6
2015-12-01,204067,1396.01,107071,1585.29,96996,1187.08,24616,776.17,3545,670.91,21071,793.88
2016-01-01,369797,1448.23,196025,1631.1699999999998,173772,1241.86,32966,758.49,4621,662.9,28345,774.08
2016-02-01,242791,1402.6299999999999,129500,1595.86,113291,1181.76,28160,765.1,4146,660.18,24014,783.21
2016-03-01,229243,1418.84,122525,1617.3,106718,1190.99,26255,781.01,3814,676.52,22441,798.77
2016-04-01,258968,1433.6699999999998,140118,1642.77,118850,1187.1599999999999,33406,788.84,5208,680.32,28198,808.88
2016-05-01,241283,1420.6699999999998,127921,1618.09,113362,1197.8899999999999,30440,786.61,4790,681.16,25650,806.3
2016-06-01,231452,1389.24,117611,1566.01,113841,1206.61,25759,759.36,3916,667.88,21843,775.76
2016-07-01,245055,1393.22,124143,1569.04,120912,1212.7,26253,755.5,4046,653.84,22207,774.03
2016-08-01,239232,1380.6299999999999,123727,1548.61,115505,1200.6899999999998,25918,743.13,3903,642.67,22015,760.94
2016-09-01,227745,1377.6299999999999,117220,1546.24,110525,1198.79,23945,742.99,3604,640.13,20341,761.21
2016-10-01,226261,1376.79,116608,1544.53,109653,1198.41,25436,734.68,3772,637.01,21664,751.69
2016-11-01,198962,1378.92,101664,1545.73,97298,1204.62,20633,742.27,3055,634.9,17578,760.93
2016-12-01,210323,1406.58,107691,1571.2,102632,1233.84,22817,744.72,3583,644.26,19234,763.43
2017-01-01,393787,1472.8,205718,1644.86,188069,1284.59,32057,727.38,4935,637.11,27122,743.81
2017-02-01,243212,1425.6299999999999,125942,1597.92,117270,1240.6,23727,743.71,3772,642.12,19955,762.91
2017-03-01,244357,1423.1499999999999,126870,1595.23,117487,1237.33,25692,743.1,4095,642.72,21597,762.14
2017-04-01,241454,1415.75,125562,1587.6599999999999,115892,1229.5,26043,746.27,4183,645.38,21860,765.57
2017-05-01,235437,1419.53,121147,1591.1599999999999,114290,1237.6,25127,747.92,4113,646.34,21014,767.8
2017-06-01,240982,1417.98,122698,1587.58,118284,1242.05,25110,746.42,4202,648.59,20908,766.09
2017-07-01,253249,1431.6599999999999,128789,1605.21,124460,1252.07,26548,753.16,4528,658,22020,772.73
2017-08-01,243199,1418.47,124506,1592.8799999999999,118693,1235.53,25731,756.44,4258,664.34,21473,774.71
2017-09-01,237474,1416.71,121175,1591.78,116299,1234.3,25134,757.1,4268,663.59,20866,776.22
2017-10-01,237325,1415.1499999999999,121867,1587,115458,1233.76,26898,752.51,4593,653.71,22305,772.86
2017-11-01,200221,1413.8799999999999,102257,1585.22,97964,1235.04,20520,763.72,3485,661.59,17035,784.61
2017-12-01,213717,1460.04,109593,1632.53,104124,1278.49,23934,770.64,4216,671.14,19718,791.91
2018-01-01,394887,1533.93,207254,1712.31,187633,1336.9,32352,755.64,5719,667.49,26633,774.57
2018-02-01,242823,1477.1599999999999,126257,1657.24,116566,1282.11,23162,771.72,4089,672.19,19073,793.06
2018-03-01,273194,1475.04,142049,1650.53,131145,1284.96,29271,773.85,5335,670.27,23936,796.93
2018-04-01,252684,1464.07,130760,1639.3799999999999,121924,1276.06,27381,773.76,5063,679,22318,795.26
2018-05-01,234945,1466.28,120307,1639.48,114638,1284.52,25603,781.59,4743,677.09,20860,805.35
2018-06-01,247879,1470.42,125919,1647.45,121960,1287.6499999999999,26322,783.48,4889,684.62,21433,806.03
2018-07-01,266085,1480.12,135015,1656.6899999999998,131070,1298.24,28205,781.16,5317,681.58,22888,804.3
2018-08-01,254511,1466.8799999999999,129690,1643.21,124821,1283.6599999999999,27228,792.15,5204,680.14,22024,818.62
2018-09-01,255350,1456.3899999999999,129710,1632.75,125640,1274.32,27803,789.6,5282,691.29,22521,812.65
2018-10-01,240771,1453.76,122727,1629.02,118044,1271.56,28079,785.37,5370,683.23,22709,809.52
2018-11-01,205509,1458.73,103521,1635.3899999999999,101988,1279.43,22210,793.17,4334,683.53,17876,819.76
2018-12-01,222883,1522.58,113339,1702.06,109544,1336.87,25275,802.77,4848,698.33,20427,827.56
2019-01-01,398730,1591.6699999999998,208318,1776.41,190412,1389.55,35817,798.36,7220,705.22,28597,821.87
2019-02-01,256773,1541.72,133278,1725.26,123495,1343.6399999999999,26857,807.92,5598,709.29,21259,833.89
2019-03-01,273110,1538.26,141221,1721.03,131889,1342.56,32310,806.96,6817,701.13,25493,835.26
2019-04-01,256850,1520.34,132142,1702.31,124708,1327.53,30339,808.17,6366,696.95,23973,837.7
2019-05-01,249947,1526.54,127055,1706.52,122892,1340.47,28256,816.94,5831,709.94,22425,844.76
2019-06-01,267866,1526.54,135213,1704.12,132653,1345.54,30460,816.4,6444,711.75,24016,844.48
2019-07-01,269028,1532.35,135202,1717.96,133826,1344.83,29894,826.36,6401,721.25,23493,855
2019-08-01,264944,1521.27,133923,1703.3799999999999,131021,1335.12,30780,826.65,6518,721.57,24262,854.89
2019-09-01,266048,1517.06,134411,1697.74,131637,1332.57,31775,830.28,6900,721.67,24875,860.41
2019-10-01,243757,1514.6,123841,1691.1299999999999,119916,1332.28,29885,827.41,6253,719.6,23632,855.94
2019-11-01,236095,1504.51,118810,1679.81,117285,1326.93,29286,824.57,6337,715.49,22949,854.69
2019-12-01,201083,1560.79,102127,1741.8,98956,1373.97,22269,848.08,4602,733.39,17667,877.96
2020-01-01,421659,1635.3799999999999,218366,1821.91,203293,1435.02,34372,797.06,7703,720.28,26669,819.23
2020-02-01,285353,1590.56,146928,1778.03,138425,1391.58,24968,769.4,5449,706.73,19519,786.9
2020-03-01,295134,1594.1,151509,1783.1799999999998,143625,1394.6299999999999,28756,769.32,6586,699.74,22170,790
2020-04-01,274047,1617,140880,1810.07,133167,1412.75,21867,762.24,4755,693.96,17112,781.21
2020-05-01,273054,1625.6399999999999,137883,1819.34,135171,1428.06,20561,770.62,4555,707.12,16006,788.68
2020-06-01,262033,1615.05,131794,1811.91,130239,1415.83,18249,771.41,3780,698.97,14469,790.34
2020-07-01,269776,1619.08,135240,1819.1299999999999,134536,1417.98,18299,756.24,3627,700.33,14672,770.07
2020-08-01,281101,1608.6299999999999,140823,1807.54,140278,1408.95,19034,756.16,3740,691.93,15294,771.87
2020-09-01,263528,1601.09,131775,1802.04,131753,1400.11,17176,755.2,3247,695.67,13929,769.08
